feature,classification,valid_or_invalid,reason,provenance,timestamp_derived,day_derived,episode_derived,target_derived,future_derived,within_day_variance,between_day_variance,within_episode_variance,between_episode_variance,max_abs_lr_coefficient
duration_microsec_mean,A. Valid UCS behavioral/network feature,valid,Valid UCS numeric feature,Flow extraction logic (standard CICIDS2018),False,False,False,False,False,5.1711175083765015,6.1723600502008855,0.940789569917824,49.81715650182469,0.0965915134525352
duration_microsec_std,A. Valid UCS behavioral/network feature,valid,Valid UCS numeric feature,Flow extraction logic (standard CICIDS2018),False,False,False,False,False,1.5674798957783287,0.1245739046458283,0.6159414412314856,1.2630337898419102,0.2086765914233327
duration_microsec_sum,A. Valid UCS behavioral/network feature,valid,Valid UCS numeric feature,Flow extraction logic (standard CICIDS2018),False,False,False,False,False,0.3566027194088081,0.3800343211454478,0.2877440838692469,0.5256352505646094,0.0651518348809086
duration_microsec_min,A. Valid UCS behavioral/network feature,valid,Valid UCS numeric feature,Flow extraction logic (standard CICIDS2018),False,False,False,False,False,1.6223301794702687,0.2844143742111747,0.2788553003058301,7.991898842150588,0.0928198164074411
duration_microsec_max,A. Valid UCS behavioral/network feature,valid,Valid UCS numeric feature,Flow extraction logic (standard CICIDS2018),False,False,False,False,False,866.1415841951057,390.855333038792,379.2520520016854,633.6614206009315,0.2915930210135261
packet_count_fwd_mean,A. Valid UCS behavioral/network feature,valid,Valid UCS numeric feature,Flow extraction logic (standard CICIDS2018),False,False,False,False,False,38.4148286875979,6.951645155495359,1.148575094326019,291.54496471958265,0.5612030318096507
packet_count_fwd_std,A. Valid UCS behavioral/network feature,valid,Valid UCS numeric feature,Flow extraction logic (standard CICIDS2018),False,False,False,False,False,2.2702260074755904,0.0531889509147775,0.5288885067123696,10.431260748909022,0.2695296733103726
packet_count_fwd_sum,A. Valid UCS behavioral/network feature,valid,Valid UCS numeric feature,Flow extraction logic (standard CICIDS2018),False,False,False,False,False,3.9001643306492655,0.7021704861124698,0.3810148077150188,7.224623976443921,0.230850727478129
packet_count_fwd_min,A. Valid UCS behavioral/network feature,valid,Valid UCS numeric feature,Flow extraction logic (standard CICIDS2018),False,False,False,False,False,1.1622561137085947,0.6875785169833319,0.3171122387624479,5.402685888900662,0.1358734225543492
packet_count_fwd_max,A. Valid UCS behavioral/network feature,valid,Valid UCS numeric feature,Flow extraction logic (standard CICIDS2018),False,False,False,False,False,0.7400788992921458,0.0998600349685104,0.3191143850452219,1.664815767814688,0.0352451903233849
packet_count_bwd_mean,A. Valid UCS behavioral/network feature,valid,Valid UCS numeric feature,Flow extraction logic (standard CICIDS2018),False,False,False,False,False,0.6617848348376351,1.0085697726203855,0.4313928312712907,3.5807610316760536,0.5768977930307583
packet_count_bwd_std,A. Valid UCS behavioral/network feature,valid,Valid UCS numeric feature,Flow extraction logic (standard CICIDS2018),False,False,False,False,False,0.2850372676362869,0.3028807548347952,0.3081809068837002,0.7770943807246885,1.0956523015449946
packet_count_bwd_sum,A. Valid UCS behavioral/network feature,valid,Valid UCS numeric feature,Flow extraction logic (standard CICIDS2018),False,False,False,False,False,1.076701514017755,2.71129137637904,0.2832276341411963,7.97773665124879,0.0414103978625035
packet_count_bwd_min,A. Valid UCS behavioral/network feature,valid,Valid UCS numeric feature,Flow extraction logic (standard CICIDS2018),False,False,False,False,False,2.849061278612164,0.079949788906361,1.8883658902106104,0.0580754718335316,0.1561794771427427
packet_count_bwd_max,A. Valid UCS behavioral/network feature,valid,Valid UCS numeric feature,Flow extraction logic (standard CICIDS2018),False,False,False,False,False,0.2930557094827948,0.5645322580699024,0.3166161481965531,1.295348988216907,0.2477715674692299
byte_count_fwd_mean,A. Valid UCS behavioral/network feature,valid,Valid UCS numeric feature,Flow extraction logic (standard CICIDS2018),False,False,False,False,False,18.666459528693878,6.460488369683672,1.9750579439941875,132.09607548680475,0.0644982490410712
byte_count_fwd_std,A. Valid UCS behavioral/network feature,valid,Valid UCS numeric feature,Flow extraction logic (standard CICIDS2018),False,False,False,False,False,7.2095523563111215,0.4489469122070834,1.4158430900976395,32.888028973051334,0.7371449640753159
byte_count_fwd_sum,A. Valid UCS behavioral/network feature,valid,Valid UCS numeric feature,Flow extraction logic (standard CICIDS2018),False,False,False,False,False,4.401232686288831,0.5658547996342886,0.6279580374114395,6.784398538204341,0.196293232252904
byte_count_fwd_min,A. Valid UCS behavioral/network feature,valid,Valid UCS numeric feature,Flow extraction logic (standard CICIDS2018),False,False,False,False,False,1.7748027795636248,0.328295553954346,0.602312399181625,6.760878126554647,0.1929608249316208
byte_count_fwd_max,A. Valid UCS behavioral/network feature,valid,Valid UCS numeric feature,Flow extraction logic (standard CICIDS2018),False,False,False,False,False,2.477123292786379,0.0621858167590395,0.6203413866914252,6.1921942382656265,1.3117858158652962
byte_count_bwd_mean,A. Valid UCS behavioral/network feature,valid,Valid UCS numeric feature,Flow extraction logic (standard CICIDS2018),False,False,False,False,False,0.6514892203668664,1.8463069781485308,0.4000215792572033,4.351634007857523,0.5587403704978764
byte_count_bwd_std,A. Valid UCS behavioral/network feature,valid,Valid UCS numeric feature,Flow extraction logic (standard CICIDS2018),False,False,False,False,False,0.3601945612776818,0.9441013840459964,0.3375649327096358,2.0377545049881505,1.5678326655648918
byte_count_bwd_sum,A. Valid UCS behavioral/network feature,valid,Valid UCS numeric feature,Flow extraction logic (standard CICIDS2018),False,False,False,False,False,1.1002204085634748,3.0475724514306104,0.403721331379921,7.426408478763138,0.4455998088666588
byte_count_bwd_min,A. Valid UCS behavioral/network feature,valid,Valid UCS numeric feature,Flow extraction logic (standard CICIDS2018),False,False,False,False,False,3.3526112321867463,0.0254362780586599,3.1951553534417294,0.0645268969316061,0.0528430285360523
byte_count_bwd_max,A. Valid UCS behavioral/network feature,valid,Valid UCS numeric feature,Flow extraction logic (standard CICIDS2018),False,False,False,False,False,0.4013293204049593,1.2561673570436855,0.3476813878794109,2.6694838205388267,0.6566363762373644
fwd_pkt_len_max_mean,A. Valid UCS behavioral/network feature,valid,Valid UCS numeric feature,Flow extraction logic (standard CICIDS2018),False,False,False,False,False,2.3527080894838392,0.1521037086736728,0.7735497029508459,4.604707056355542,0.2132841155820581
fwd_pkt_len_max_std,A. Valid UCS behavioral/network feature,valid,Valid UCS numeric feature,Flow extraction logic (standard CICIDS2018),False,False,False,False,False,3.1897902195094345,0.3465970079188875,1.019110172619499,6.597890833430321,1.67698239624173
fwd_pkt_len_max_sum,A. Valid UCS behavioral/network feature,valid,Valid UCS numeric feature,Flow extraction logic (standard CICIDS2018),False,False,False,False,False,148.86546096245655,15.226129638921472,54.07212467945607,23.88636801966528,0.3878840093941769
fwd_pkt_len_max_min,A. Valid UCS behavioral/network feature,valid,Valid UCS numeric feature,Flow extraction logic (standard CICIDS2018),False,False,False,False,False,2.261474762071616,0.1394451456959111,1.089605622076471,0.1512773682239375,0.0553129401394544
fwd_pkt_len_max_max,A. Valid UCS behavioral/network feature,valid,Valid UCS numeric feature,Flow extraction logic (standard CICIDS2018),False,False,False,False,False,61.01693112087577,6.033884720739357,15.337923459565271,13.111444474067309,0.4980327802425809
fwd_pkt_len_min_mean,A. Valid UCS behavioral/network feature,valid,Valid UCS numeric feature,Flow extraction logic (standard CICIDS2018),False,False,False,False,False,40.25361715439306,44.87307317938568,10.89251445314089,14.260929888023805,0.1921369211924826
fwd_pkt_len_min_std,A. Valid UCS behavioral/network feature,valid,Valid UCS numeric feature,Flow extraction logic (standard CICIDS2018),False,False,False,False,False,11.820000262013272,10.948516211171023,3.326421237141448,6.237801452683858,0.015321253087492
fwd_pkt_len_min_sum,A. Valid UCS behavioral/network feature,valid,Valid UCS numeric feature,Flow extraction logic (standard CICIDS2018),False,False,False,False,False,0.7006628112545221,0.2258047422048938,0.5820530084926246,0.935165919650908,0.1520210274082299
fwd_pkt_len_min_min,A. Valid UCS behavioral/network feature,valid,Valid UCS numeric feature,Flow extraction logic (standard CICIDS2018),False,False,False,False,False,1.8814699045307777,0.1115686792261437,0.5099194542137159,0.1192963175993456,0.0455771218186923
fwd_pkt_len_min_max,A. Valid UCS behavioral/network feature,valid,Valid UCS numeric feature,Flow extraction logic (standard CICIDS2018),False,False,False,False,False,0.5094638025817132,0.2428350930685484,0.7195154795122226,0.7170804781535228,0.0239148894341614
fwd_pkt_len_mean_mean,A. Valid UCS behavioral/network feature,valid,Valid UCS numeric feature,Flow extraction logic (standard CICIDS2018),False,False,False,False,False,25.457462176451088,22.500729133529568,6.737141334225181,8.20976674924995,0.2143530254968667
fwd_pkt_len_mean_std,A. Valid UCS behavioral/network feature,valid,Valid UCS numeric feature,Flow extraction logic (standard CICIDS2018),False,False,False,False,False,10.13055045242161,7.543870385056101,2.653660504885188,5.6036638641663945,0.0126505047942418
fwd_pkt_len_mean_sum,A. Valid UCS behavioral/network feature,valid,Valid UCS numeric feature,Flow extraction logic (standard CICIDS2018),False,False,False,False,False,101.155219814209,10.975253172610852,28.842766112115772,30.044706630304404,0.4365298295747192
fwd_pkt_len_mean_min,A. Valid UCS behavioral/network feature,valid,Valid UCS numeric feature,Flow extraction logic (standard CICIDS2018),False,False,False,False,False,1.886416641103724,0.1247806617786124,0.5391931437982903,0.1405528030088977,0.0132745022982031
fwd_pkt_len_mean_max,A. Valid UCS behavioral/network feature,valid,Valid UCS numeric feature,Flow extraction logic (standard CICIDS2018),False,False,False,False,False,10.434815536738498,0.5253773745284807,7.533198751131469,9.835834167247494,0.0141275214199101
fwd_pkt_len_std_mean,A. Valid UCS behavioral/network feature,valid,Valid UCS numeric feature,Flow extraction logic (standard CICIDS2018),False,False,False,False,False,2.63242439800432,0.7364072998129373,1.0006765001638114,4.068766753985027,2.01370541717781
fwd_pkt_len_std_std,A. Valid UCS behavioral/network feature,valid,Valid UCS numeric feature,Flow extraction logic (standard CICIDS2018),False,False,False,False,False,4.327260557613421,2.3191392998604696,1.782563271589526,7.317811880939646,0.9044621820812492
fwd_pkt_len_std_sum,A. Valid UCS behavioral/network feature,valid,Valid UCS numeric feature,Flow extraction logic (standard CICIDS2018),False,False,False,False,False,292.7516763086533,33.82304917455903,95.47716515958275,61.38628585202568,0.4304655777830621
fwd_pkt_len_std_min,A. Valid UCS behavioral/network feature,valid,Valid UCS numeric feature,Flow extraction logic (standard CICIDS2018),False,False,False,False,False,62.86181556658181,0.3528518015217623,34.13960683164149,0.2715746562994308,0.0385882442420645
fwd_pkt_len_std_max,A. Valid UCS behavioral/network feature,valid,Valid UCS numeric feature,Flow extraction logic (standard CICIDS2018),False,False,False,False,False,3.41875475156512,1.316420095755612,1.2355445108044896,2.8895943944084017,0.2671580612444253
bwd_pkt_len_max_mean,A. Valid UCS behavioral/network feature,valid,Valid UCS numeric feature,Flow extraction logic (standard CICIDS2018),False,False,False,False,False,1.352985743917763,1.5464230338092195,0.5641335522011148,5.734565254731902,0.0063359180659243
bwd_pkt_len_max_std,A. Valid UCS behavioral/network feature,valid,Valid UCS numeric feature,Flow extraction logic (standard CICIDS2018),False,False,False,False,False,2.6392272927436045,6.98966972847978,1.302803153979632,13.071803227155018,0.5787119369150684
bwd_pkt_len_max_sum,A. Valid UCS behavioral/network feature,valid,Valid UCS numeric feature,Flow extraction logic (standard CICIDS2018),False,False,False,False,False,19.83598232779011,1.1528874063924286,5.384553534626469,25.89236222577233,0.1646933025367441
bwd_pkt_len_max_min,A. Valid UCS behavioral/network feature,valid,Valid UCS numeric feature,Flow extraction logic (standard CICIDS2018),False,False,False,False,False,4.869805509008589,0.0264001151783436,5.257199975109068,0.1046691270068141,0.0473210195802225
bwd_pkt_len_max_max,A. Valid UCS behavioral/network feature,valid,Valid UCS numeric feature,Flow extraction logic (standard CICIDS2018),False,False,False,False,False,2.487536636091692,0.3418970542469549,1.539771015079273,0.6102925535112116,0.1335159688955332
bwd_pkt_len_min_mean,A. Valid UCS behavioral/network feature,valid,Valid UCS numeric feature,Flow extraction logic (standard CICIDS2018),False,False,False,False,False,0.2465427923791507,0.2497834930533781,0.1480451950967976,0.24314340747875,0.8599546247982904
bwd_pkt_len_min_std,A. Valid UCS behavioral/network feature,valid,Valid UCS numeric feature,Flow extraction logic (standard CICIDS2018),False,False,False,False,False,0.6983468133118939,1.147017745901969,0.495976226374482,2.046114522327251,0.3589216997043053
bwd_pkt_len_min_sum,A. Valid UCS behavioral/network feature,valid,Valid UCS numeric feature,Flow extraction logic (standard CICIDS2018),False,False,False,False,False,0.7227917736703057,0.2404179453686714,0.6303562283515562,1.0546917104130376,0.2307025100409335
bwd_pkt_len_min_min,A. Valid UCS behavioral/network feature,valid,Valid UCS numeric feature,Flow extraction logic (standard CICIDS2018),False,False,False,False,False,0.0,0.0,0.0,0.0,0.0
bwd_pkt_len_min_max,A. Valid UCS behavioral/network feature,valid,Valid UCS numeric feature,Flow extraction logic (standard CICIDS2018),False,False,False,False,False,3.660767058444836,4.81578932414788,2.6557056371786216,14.967357547062274,0.0142769895535176
bwd_pkt_len_mean_mean,A. Valid UCS behavioral/network feature,valid,Valid UCS numeric feature,Flow extraction logic (standard CICIDS2018),False,False,False,False,False,0.6111991043984889,0.7840696370867458,0.3152658558037881,1.8787204728275424,0.1948549698124835
bwd_pkt_len_mean_std,A. Valid UCS behavioral/network feature,valid,Valid UCS numeric feature,Flow extraction logic (standard CICIDS2018),False,False,False,False,False,0.6585355094663662,0.7090574201610641,0.4117286553424015,1.8032119485008529,0.2920101061849194
bwd_pkt_len_mean_sum,A. Valid UCS behavioral/network feature,valid,Valid UCS numeric feature,Flow extraction logic (standard CICIDS2018),False,False,False,False,False,16.85016615518607,1.322532252934992,3.212820219585291,16.377889646057824,0.4716183677180229
bwd_pkt_len_mean_min,A. Valid UCS behavioral/network feature,valid,Valid UCS numeric feature,Flow extraction logic (standard CICIDS2018),False,False,False,False,False,2.724398638118396,0.0152061624611799,3.944548627576896,0.0919594137171137,0.0536665828743156
bwd_pkt_len_mean_max,A. Valid UCS behavioral/network feature,valid,Valid UCS numeric feature,Flow extraction logic (standard CICIDS2018),False,False,False,False,False,2.5848554711062066,1.3937362314544195,1.8612994799082725,2.3944403975600204,1.5397994815086964
bwd_pkt_len_std_mean,A. Valid UCS behavioral/network feature,valid,Valid UCS numeric feature,Flow extraction logic (standard CICIDS2018),False,False,False,False,False,1.4995259420667146,1.0830061144238403,0.687794294309343,4.133180451978756,1.6520014216805274
bwd_pkt_len_std_std,A. Valid UCS behavioral/network feature,valid,Valid UCS numeric feature,Flow extraction logic (standard CICIDS2018),False,False,False,False,False,1.4316829198733447,2.7112438189890358,0.6545474549709551,5.254376582306069,1.1295479612011246
bwd_pkt_len_std_sum,A. Valid UCS behavioral/network feature,valid,Valid UCS numeric feature,Flow extraction logic (standard CICIDS2018),False,False,False,False,False,43.413815618472704,3.728257049056257,9.010930388110868,49.61832721721584,0.0047558270448519
bwd_pkt_len_std_min,A. Valid UCS behavioral/network feature,valid,Valid UCS numeric feature,Flow extraction logic (standard CICIDS2018),False,False,False,False,False,2.9885634326389527,0.0154315257066446,4.246871995218644,0.0959719608082752,0.0434372076003782
bwd_pkt_len_std_max,A. Valid UCS behavioral/network feature,valid,Valid UCS numeric feature,Flow extraction logic (standard CICIDS2018),False,False,False,False,False,82.24431523457862,31.341176324520266,55.37056743556328,57.99858259307741,1.227203641921834
bytes_per_sec_mean,A. Valid UCS behavioral/network feature,valid,Valid UCS numeric feature,Flow extraction logic (standard CICIDS2018),False,False,False,False,False,2.852875211130421,4.914356434514699,0.9167321969971792,1.7355537943903874,1.322642508006412
bytes_per_sec_std,A. Valid UCS behavioral/network feature,valid,Valid UCS numeric feature,Flow extraction logic (standard CICIDS2018),False,False,False,False,False,2.2313738746169616,5.538980300160921,0.8898356031551936,3.3395223978933166,0.2627989267823097
bytes_per_sec_sum,A. Valid UCS behavioral/network feature,valid,Valid UCS numeric feature,Flow extraction logic (standard CICIDS2018),False,False,False,False,False,4.404500411622474,7.4139620729453295,1.1221688844508189,4.823640156619438,0.8780731084663855
bytes_per_sec_min,A. Valid UCS behavioral/network feature,valid,Valid UCS numeric feature,Flow extraction logic (standard CICIDS2018),False,False,False,False,False,1.8857129745545047,0.2454470572204934,1.2373522745355303,1.3508662419523687,0.0519283132690515
bytes_per_sec_max,A. Valid UCS behavioral/network feature,valid,Valid UCS numeric feature,Flow extraction logic (standard CICIDS2018),False,False,False,False,False,4.509642008862735,14.828634969542025,1.670201350019614,12.183634488390068,1.1733531674315525
packets_per_sec_mean,A. Valid UCS behavioral/network feature,valid,Valid UCS numeric feature,Flow extraction logic (standard CICIDS2018),False,False,False,False,False,2.907419908467333,3.0810346646880187,1.1076211949667936,4.058472671468049,0.2905160251868649
packets_per_sec_std,A. Valid UCS behavioral/network feature,valid,Valid UCS numeric feature,Flow extraction logic (standard CICIDS2018),False,False,False,False,False,7.150551654007763,11.862190132000196,2.627623377838682,16.159763509668544,0.0320267553233607
packets_per_sec_sum,A. Valid UCS behavioral/network feature,valid,Valid UCS numeric feature,Flow extraction logic (standard CICIDS2018),False,False,False,False,False,3.966609791652497,6.608469650041994,1.194775300395383,8.303295197954842,0.2638130382607632
packets_per_sec_min,A. Valid UCS behavioral/network feature,valid,Valid UCS numeric feature,Flow extraction logic (standard CICIDS2018),False,False,False,False,False,12794.382581578566,690.9968285966816,4756.283227581955,208.0355798746112,0.1682691904094541
packets_per_sec_max,A. Valid UCS behavioral/network feature,valid,Valid UCS numeric feature,Flow extraction logic (standard CICIDS2018),False,False,False,False,False,23.52487278674504,44.48774085530146,7.976248745441958,70.71964030817162,0.3207579773765325
flow_iat_mean_mean,A. Valid UCS behavioral/network feature,valid,Valid UCS numeric feature,Flow extraction logic (standard CICIDS2018),False,False,False,False,False,0.4382253735841708,0.3459212050019657,0.1581266740665433,0.2037243306746326,0.2209422140880424
flow_iat_mean_std,A. Valid UCS behavioral/network feature,valid,Valid UCS numeric feature,Flow extraction logic (standard CICIDS2018),False,False,False,False,False,0.16132817660253,0.2322420809344398,0.0620084790621366,0.0804808061106705,0.1559737931226923
flow_iat_mean_sum,A. Valid UCS behavioral/network feature,valid,Valid UCS numeric feature,Flow extraction logic (standard CICIDS2018),False,False,False,False,False,0.0946698129438105,0.5408552358974428,0.0257637965621269,0.1519863229980657,0.260895899808189
flow_iat_mean_min,A. Valid UCS behavioral/network feature,valid,Valid UCS numeric feature,Flow extraction logic (standard CICIDS2018),False,False,False,False,False,1.8375052488656964,0.1584579371321851,0.4812050165216204,0.0263162173641419,0.0154269524814202
flow_iat_mean_max,A. Valid UCS behavioral/network feature,valid,Valid UCS numeric feature,Flow extraction logic (standard CICIDS2018),False,False,False,False,False,0.2518809983153972,0.473240886635083,0.2325964637000066,0.6372289630210028,0.0407735008262498
flow_iat_std_mean,A. Valid UCS behavioral/network feature,valid,Valid UCS numeric feature,Flow extraction logic (standard CICIDS2018),False,False,False,False,False,10.823519768011254,13.266078026276531,3.781485033657751,14.01384703195722,0.2669937624011994
flow_iat_std_std,A. Valid UCS behavioral/network feature,valid,Valid UCS numeric feature,Flow extraction logic (standard CICIDS2018),False,False,False,False,False,1.930268711951742,0.5742569362665639,0.7560872407002541,1.28325381093657,1.2451210919723417
flow_iat_std_sum,A. Valid UCS behavioral/network feature,valid,Valid UCS numeric feature,Flow extraction logic (standard CICIDS2018),False,False,False,False,False,0.6500327602376013,0.2930767682641383,0.4531367293135773,1.2474121995354972,0.3991695889528623
flow_iat_std_min,A. Valid UCS behavioral/network feature,valid,Valid UCS numeric feature,Flow extraction logic (standard CICIDS2018),False,False,False,False,False,1.8963316219550608,0.0928842430149728,0.5322886582197778,0.0155646292035727,0.042505911181392
flow_iat_std_max,A. Valid UCS behavioral/network feature,valid,Valid UCS numeric feature,Flow extraction logic (standard CICIDS2018),False,False,False,False,False,0.4233899490421631,0.2439058732537264,0.325214089390418,0.3068707531492844,0.2672561182068641
flow_iat_max_mean,A. Valid UCS behavioral/network feature,valid,Valid UCS numeric feature,Flow extraction logic (standard CICIDS2018),False,False,False,False,False,1.089867228106948,0.9433702852483012,0.3655466820894058,1.2768742535643838,0.2663430375571138
flow_iat_max_std,A. Valid UCS behavioral/network feature,valid,Valid UCS numeric feature,Flow extraction logic (standard CICIDS2018),False,False,False,False,False,0.3187533953685766,0.2178931366765576,0.1152611681674616,0.152240852470316,0.5692917686860888
flow_iat_max_sum,A. Valid UCS behavioral/network feature,valid,Valid UCS numeric feature,Flow extraction logic (standard CICIDS2018),False,False,False,False,False,0.1435824735206381,0.4493414677837203,0.081910885321553,0.3785435079081494,0.1903168467240297
flow_iat_max_min,A. Valid UCS behavioral/network feature,valid,Valid UCS numeric feature,Flow extraction logic (standard CICIDS2018),False,False,False,False,False,1.8218922628525576,0.1693119685959703,0.4994744460909621,0.0302358513058571,0.001558923888801
flow_iat_max_max,A. Valid UCS behavioral/network feature,valid,Valid UCS numeric feature,Flow extraction logic (standard CICIDS2018),False,False,False,False,False,0.1643160923840722,0.2166391827847692,0.1427560439357875,0.2662898755842667,0.1982361684466787
flow_iat_min_mean,A. Valid UCS behavioral/network feature,valid,Valid UCS numeric feature,Flow extraction logic (standard CICIDS2018),False,False,False,False,False,0.4084598124867806,0.3143013630338849,0.1532430228326971,0.0833430339107051,0.1653556288298069
flow_iat_min_std,A. Valid UCS behavioral/network feature,valid,Valid UCS numeric feature,Flow extraction logic (standard CICIDS2018),False,False,False,False,False,0.1672109460024105,0.229801436305654,0.0675232272664514,0.0978039955001485,0.0331560405362121
flow_iat_min_sum,A. Valid UCS behavioral/network feature,valid,Valid UCS numeric feature,Flow extraction logic (standard CICIDS2018),False,False,False,False,False,0.0925130026384627,0.5283089278343867,0.023888029532644,0.139204586255955,0.3218282509093607
flow_iat_min_min,A. Valid UCS behavioral/network feature,valid,Valid UCS numeric feature,Flow extraction logic (standard CICIDS2018),False,False,False,False,False,1.844362198762684,0.1517930357006038,0.4818402211175935,0.0255974808866446,0.0226520707966914
flow_iat_min_max,A. Valid UCS behavioral/network feature,valid,Valid UCS numeric feature,Flow extraction logic (standard CICIDS2018),False,False,False,False,False,0.2922582855238495,0.582529616048363,0.2529074112024349,0.8350211657056705,0.0950441252349008
fwd_iat_tot_mean,A. Valid UCS behavioral/network feature,valid,Valid UCS numeric feature,Flow extraction logic (standard CICIDS2018),False,False,False,False,False,4.864486436189448,5.893279078251153,0.885933963398973,46.994459886751045,0.0753750189365677
fwd_iat_tot_std,A. Valid UCS behavioral/network feature,valid,Valid UCS numeric feature,Flow extraction logic (standard CICIDS2018),False,False,False,False,False,1.5445076584013655,0.1229677603038314,0.6091329879821221,1.2117163178041368,0.2472231246437469
fwd_iat_tot_sum,A. Valid UCS behavioral/network feature,valid,Valid UCS numeric feature,Flow extraction logic (standard CICIDS2018),False,False,False,False,False,0.3524447207206515,0.3748658441979718,0.2855789340437747,0.5175670341348538,0.1092588594937449
fwd_iat_tot_min,A. Valid UCS behavioral/network feature,valid,Valid UCS numeric feature,Flow extraction logic (standard CICIDS2018),False,False,False,False,False,1.6259108442936228,0.2789504959273958,0.2830227372625553,7.848230262621095,0.0919162739976596
fwd_iat_tot_max,A. Valid UCS behavioral/network feature,valid,Valid UCS numeric feature,Flow extraction logic (standard CICIDS2018),False,False,False,False,False,477.1211993800383,212.03641564915765,209.65816523539783,347.2203296496702,0.0396022382899706
fwd_iat_mean_mean,A. Valid UCS behavioral/network feature,valid,Valid UCS numeric feature,Flow extraction logic (standard CICIDS2018),False,False,False,False,False,0.4619595650275112,0.3466963928382725,0.166582679031836,0.2090542041290853,0.075908502234756
fwd_iat_mean_std,A. Valid UCS behavioral/network feature,valid,Valid UCS numeric feature,Flow extraction logic (standard CICIDS2018),False,False,False,False,False,0.1688537353093809,0.2367774500135922,0.0646786498294572,0.086021758282083,0.6774291045132887
fwd_iat_mean_sum,A. Valid UCS behavioral/network feature,valid,Valid UCS numeric feature,Flow extraction logic (standard CICIDS2018),False,False,False,False,False,0.0995255069058834,0.5526501916398151,0.029813463249832,0.1819870922886059,0.1634017682371715
fwd_iat_mean_min,A. Valid UCS behavioral/network feature,valid,Valid UCS numeric feature,Flow extraction logic (standard CICIDS2018),False,False,False,False,False,1.8310951402680584,0.1654170932137749,0.4816102949281161,0.0272908531042144,0.0086964466548618
fwd_iat_mean_max,A. Valid UCS behavioral/network feature,valid,Valid UCS numeric feature,Flow extraction logic (standard CICIDS2018),False,False,False,False,False,0.2852707337505513,0.4858628239451328,0.2603634722162378,0.6987727643495357,0.2763988578131402
fwd_iat_std_mean,A. Valid UCS behavioral/network feature,valid,Valid UCS numeric feature,Flow extraction logic (standard CICIDS2018),False,False,False,False,False,5.9464110672198105,6.829773415133952,2.1191473140496746,7.343431567238691,0.3293633148706288
fwd_iat_std_std,A. Valid UCS behavioral/network feature,valid,Valid UCS numeric feature,Flow extraction logic (standard CICIDS2018),False,False,False,False,False,1.4267452102383584,0.3558569633294169,0.6118500798045501,0.943623679772254,0.3360558313832341
fwd_iat_std_sum,A. Valid UCS behavioral/network feature,valid,Valid UCS numeric feature,Flow extraction logic (standard CICIDS2018),False,False,False,False,False,0.7417384534375535,0.2537325078628128,0.5357778060236573,2.131980255163242,0.2686201848909592
fwd_iat_std_min,A. Valid UCS behavioral/network feature,valid,Valid UCS numeric feature,Flow extraction logic (standard CICIDS2018),False,False,False,False,False,1.89818668469336,0.0910089052036957,0.5496624176037992,0.0157339991617147,0.049432316103979
fwd_iat_std_max,A. Valid UCS behavioral/network feature,valid,Valid UCS numeric feature,Flow extraction logic (standard CICIDS2018),False,False,False,False,False,1.0355072362737825,0.5329936390458407,1.0367474598085793,1.2892589430428818,0.2828089790574123
fwd_iat_max_mean,A. Valid UCS behavioral/network feature,valid,Valid UCS numeric feature,Flow extraction logic (standard CICIDS2018),False,False,False,False,False,1.0595317551934114,0.952069908300238,0.3566582425864322,1.2557292314133397,0.0635570121457931
fwd_iat_max_std,A. Valid UCS behavioral/network feature,valid,Valid UCS numeric feature,Flow extraction logic (standard CICIDS2018),False,False,False,False,False,0.3229737659236153,0.225281669774517,0.1172703838233927,0.1552146530036438,0.0590238369596861
fwd_iat_max_sum,A. Valid UCS behavioral/network feature,valid,Valid UCS numeric feature,Flow extraction logic (standard CICIDS2018),False,False,False,False,False,0.1407909163244819,0.4534385691007275,0.0810741504681471,0.377430388421175,0.3599370477676219
fwd_iat_max_min,A. Valid UCS behavioral/network feature,valid,Valid UCS numeric feature,Flow extraction logic (standard CICIDS2018),False,False,False,False,False,1.822710426139732,0.1684507947651516,0.4996466160465888,0.0301771187953421,0.0016147305597055
fwd_iat_max_max,A. Valid UCS behavioral/network feature,valid,Valid UCS numeric feature,Flow extraction logic (standard CICIDS2018),False,False,False,False,False,0.2210523677824099,0.2528385358748269,0.2040968366916779,0.3441120347499793,0.2770995002763242
fwd_iat_min_mean,A. Valid UCS behavioral/network feature,valid,Valid UCS numeric feature,Flow extraction logic (standard CICIDS2018),False,False,False,False,False,0.4127739317124589,0.3128121124921458,0.1546182479579163,0.0845012584149777,0.0043596416000499
fwd_iat_min_std,A. Valid UCS behavioral/network feature,valid,Valid UCS numeric feature,Flow extraction logic (standard CICIDS2018),False,False,False,False,False,0.1727944550676713,0.23439887310474,0.0695914230087018,0.1022880972013099,0.4289857352689494
fwd_iat_min_sum,A. Valid UCS behavioral/network feature,valid,Valid UCS numeric feature,Flow extraction logic (standard CICIDS2018),False,False,False,False,False,0.0933829803114344,0.5330064319812495,0.0239577596508621,0.1434232694717828,0.3397767060448769
fwd_iat_min_min,A. Valid UCS behavioral/network feature,valid,Valid UCS numeric feature,Flow extraction logic (standard CICIDS2018),False,False,False,False,False,1.812112657637776,0.1868132951323736,0.4677604414830684,0.0315015010084879,0.0066491103318693
fwd_iat_min_max,A. Valid UCS behavioral/network feature,valid,Valid UCS numeric feature,Flow extraction logic (standard CICIDS2018),False,False,False,False,False,0.3271018378243157,0.600213522653656,0.2812972691837033,0.9093839305986254,0.3233646765028229
bwd_iat_tot_mean,A. Valid UCS behavioral/network feature,valid,Valid UCS numeric feature,Flow extraction logic (standard CICIDS2018),False,False,False,False,False,0.2255473676909398,0.2487228870003365,0.130980666884091,0.2519906293937891,0.5878821880264374
bwd_iat_tot_std,A. Valid UCS behavioral/network feature,valid,Valid UCS numeric feature,Flow extraction logic (standard CICIDS2018),False,False,False,False,False,0.2648632486388154,0.5361252712226485,0.1789572275065727,0.6393130557092633,0.1025276474400393
bwd_iat_tot_sum,A. Valid UCS behavioral/network feature,valid,Valid UCS numeric feature,Flow extraction logic (standard CICIDS2018),False,False,False,False,False,0.7860757024470183,0.2605053493465217,0.6970222215488975,1.2965704788491013,0.0773669542760893
bwd_iat_tot_min,A. Valid UCS behavioral/network feature,valid,Valid UCS numeric feature,Flow extraction logic (standard CICIDS2018),False,False,False,False,False,7.25022447458779,0.0493760125301719,3.794231894119294,0.0350781009560172,0.0241808654113784
bwd_iat_tot_max,A. Valid UCS behavioral/network feature,valid,Valid UCS numeric feature,Flow extraction logic (standard CICIDS2018),False,False,False,False,False,147.98308430831062,1695.002581517983,59.57450197784571,2540.918837279822,0.2904968451037005
bwd_iat_mean_mean,A. Valid UCS behavioral/network feature,valid,Valid UCS numeric feature,Flow extraction logic (standard CICIDS2018),False,False,False,False,False,0.319767457024679,0.5366714829994674,0.176176584530333,0.3901555810952852,0.4756567304821684
bwd_iat_mean_std,A. Valid UCS behavioral/network feature,valid,Valid UCS numeric feature,Flow extraction logic (standard CICIDS2018),False,False,False,False,False,0.388045562327556,0.6191703421959944,0.2213112321921483,0.4431871689012041,1.0080129888939269
bwd_iat_mean_sum,A. Valid UCS behavioral/network feature,valid,Valid UCS numeric feature,Flow extraction logic (standard CICIDS2018),False,False,False,False,False,0.640525373668025,0.3312594038185247,0.460494684626909,1.0300801860807596,0.6427891239863195
bwd_iat_mean_min,A. Valid UCS behavioral/network feature,valid,Valid UCS numeric feature,Flow extraction logic (standard CICIDS2018),False,False,False,False,False,2.209112128609871,0.0251978958807219,0.8562560704155535,0.0093521956014759,0.0415374404318883
bwd_iat_mean_max,A. Valid UCS behavioral/network feature,valid,Valid UCS numeric feature,Flow extraction logic (standard CICIDS2018),False,False,False,False,False,0.5571547963193182,0.4811363072741849,0.5391021551565174,0.8755799251030125,0.536554667215678
bwd_iat_std_mean,A. Valid UCS behavioral/network feature,valid,Valid UCS numeric feature,Flow extraction logic (standard CICIDS2018),False,False,False,False,False,0.2764325758399023,0.3134830023496969,0.1888066966607729,0.2689308101743005,1.3653753651456475
bwd_iat_std_std,A. Valid UCS behavioral/network feature,valid,Valid UCS numeric feature,Flow extraction logic (standard CICIDS2018),False,False,False,False,False,0.2860773093530978,0.4547386695425008,0.2199649925370087,0.4876838760628569,0.2431471768963509
bwd_iat_std_sum,A. Valid UCS behavioral/network feature,valid,Valid UCS numeric feature,Flow extraction logic (standard CICIDS2018),False,False,False,False,False,0.6598277584723158,0.2549090515066352,0.5813123411330481,0.9799449679784727,0.2993324445728305
bwd_iat_std_min,A. Valid UCS behavioral/network feature,valid,Valid UCS numeric feature,Flow extraction logic (standard CICIDS2018),False,False,False,False,False,2.462327967285068,0.0180932208467541,1.0773005530325004,0.0114209847164275,0.0209479159698714
bwd_iat_std_max,A. Valid UCS behavioral/network feature,valid,Valid UCS numeric feature,Flow extraction logic (standard CICIDS2018),False,False,False,False,False,1.1688971749886317,1.232030907280597,1.2509975244352032,2.80007012763651,0.0586707991953329
bwd_iat_max_mean,A. Valid UCS behavioral/network feature,valid,Valid UCS numeric feature,Flow extraction logic (standard CICIDS2018),False,False,False,False,False,0.2507074959931361,0.3118649556187807,0.1634913336762804,0.2563555525086651,0.1718342817230278
bwd_iat_max_std,A. Valid UCS behavioral/network feature,valid,Valid UCS numeric feature,Flow extraction logic (standard CICIDS2018),False,False,False,False,False,0.2938886357331425,0.4911999300348013,0.2198029618076795,0.5623621085584181,1.0232047619921556
bwd_iat_max_sum,A. Valid UCS behavioral/network feature,valid,Valid UCS numeric feature,Flow extraction logic (standard CICIDS2018),False,False,False,False,False,0.6978704750703818,0.254158109563415,0.6320695471944616,1.0560424752914692,0.1216906055989753
bwd_iat_max_min,A. Valid UCS behavioral/network feature,valid,Valid UCS numeric feature,Flow extraction logic (standard CICIDS2018),False,False,False,False,False,2.822408502947292,0.0277558061416926,1.1289516747729722,0.010400712729836,0.001950664722896
bwd_iat_max_max,A. Valid UCS behavioral/network feature,valid,Valid UCS numeric feature,Flow extraction logic (standard CICIDS2018),False,False,False,False,False,1.3243980039438246,2.8060171895599426,1.0937647818748673,5.7793074606471295,0.012434045675304
bwd_iat_min_mean,A. Valid UCS behavioral/network feature,valid,Valid UCS numeric feature,Flow extraction logic (standard CICIDS2018),False,False,False,False,False,1.2637652834380178,0.5222999274502477,0.6328377463360189,0.2822917097849308,0.0393519085467369
bwd_iat_min_std,A. Valid UCS behavioral/network feature,valid,Valid UCS numeric feature,Flow extraction logic (standard CICIDS2018),False,False,False,False,False,0.3801725362152324,0.305898647109359,0.2184004753689761,0.2089637674605293,1.0335883231870997
bwd_iat_min_sum,A. Valid UCS behavioral/network feature,valid,Valid UCS numeric feature,Flow extraction logic (standard CICIDS2018),False,False,False,False,False,0.498146689277743,0.2195023573798381,0.3619880588534889,0.3031878033818777,0.1096865961254692
bwd_iat_min_min,A. Valid UCS behavioral/network feature,valid,Valid UCS numeric feature,Flow extraction logic (standard CICIDS2018),False,False,False,False,False,1.9735154815591465,0.0116250040081095,0.538241173220233,0.0019577871791592,0.0809116225207459
bwd_iat_min_max,A. Valid UCS behavioral/network feature,valid,Valid UCS numeric feature,Flow extraction logic (standard CICIDS2018),False,False,False,False,False,0.3837642502518228,0.2686275808430252,0.3835504270414464,0.5181486107830101,0.8953393166334843
fwd_psh_flags_mean,A. Valid UCS behavioral/network feature,valid,Valid UCS numeric feature,Flow extraction logic (standard CICIDS2018),False,False,False,False,False,0.9861269467967654,0.240890288141354,0.5060824848669933,0.2000302098460021,0.0890039094998423
fwd_psh_flags_std,A. Valid UCS behavioral/network feature,valid,Valid UCS numeric feature,Flow extraction logic (standard CICIDS2018),False,False,False,False,False,0.4334438978681723,0.5852703034178413,0.3543719953262179,0.6165457178921578,0.1419405556612397
fwd_psh_flags_sum,A. Valid UCS behavioral/network feature,valid,Valid UCS numeric feature,Flow extraction logic (standard CICIDS2018),False,False,False,False,False,0.4934545262097389,0.2363706734964724,0.6001214987464836,0.6570209381499618,0.0649383318552609
fwd_psh_flags_min,A. Valid UCS behavioral/network feature,valid,Valid UCS numeric feature,Flow extraction logic (standard CICIDS2018),False,False,False,False,False,1.973529411764706,0.0116089965397923,0.5382352941176471,0.0019572192513368,0.0136275487872107
fwd_psh_flags_max,A. Valid UCS behavioral/network feature,valid,Valid UCS numeric feature,Flow extraction logic (standard CICIDS2018),False,False,False,False,False,0.3601755439027815,1.7105381730220337,0.4766172017150801,3.108338299475557,0.0960166116720429
bwd_psh_flags_mean,A. Valid UCS behavioral/network feature,valid,Valid UCS numeric feature,Flow extraction logic (standard CICIDS2018),False,False,False,False,False,0.0,0.0,0.0,0.0,0.0
bwd_psh_flags_std,A. Valid UCS behavioral/network feature,valid,Valid UCS numeric feature,Flow extraction logic (standard CICIDS2018),False,False,False,False,False,0.0,0.0,0.0,0.0,0.0
bwd_psh_flags_sum,A. Valid UCS behavioral/network feature,valid,Valid UCS numeric feature,Flow extraction logic (standard CICIDS2018),False,False,False,False,False,0.0,0.0,0.0,0.0,0.0
bwd_psh_flags_min,A. Valid UCS behavioral/network feature,valid,Valid UCS numeric feature,Flow extraction logic (standard CICIDS2018),False,False,False,False,False,0.0,0.0,0.0,0.0,0.0
bwd_psh_flags_max,A. Valid UCS behavioral/network feature,valid,Valid UCS numeric feature,Flow extraction logic (standard CICIDS2018),False,False,False,False,False,0.0,0.0,0.0,0.0,0.0
fwd_urg_flags_mean,A. Valid UCS behavioral/network feature,valid,Valid UCS numeric feature,Flow extraction logic (standard CICIDS2018),False,False,False,False,False,0.8684863101292196,0.0770038528544372,0.4995577012630852,0.1053650263421639,0.2172714892092835
fwd_urg_flags_std,A. Valid UCS behavioral/network feature,valid,Valid UCS numeric feature,Flow extraction logic (standard CICIDS2018),False,False,False,False,False,0.8030981766525245,0.0927341037644962,0.3894503509200621,0.1129858361302263,0.3817502655392838
fwd_urg_flags_sum,A. Valid UCS behavioral/network feature,valid,Valid UCS numeric feature,Flow extraction logic (standard CICIDS2018),False,False,False,False,False,0.6582563890623053,0.06851152378523,0.2386204371769061,0.0457066413239695,0.0139314095244545
fwd_urg_flags_min,A. Valid UCS behavioral/network feature,valid,Valid UCS numeric feature,Flow extraction logic (standard CICIDS2018),False,False,False,False,False,0.0,0.0,0.0,0.0,0.0
fwd_urg_flags_max,A. Valid UCS behavioral/network feature,valid,Valid UCS numeric feature,Flow extraction logic (standard CICIDS2018),False,False,False,False,False,0.7550438935690873,0.0990762286790701,0.3254508790960363,0.1075086489515906,0.1213428872123972
bwd_urg_flags_mean,A. Valid UCS behavioral/network feature,valid,Valid UCS numeric feature,Flow extraction logic (standard CICIDS2018),False,False,False,False,False,0.0,0.0,0.0,0.0,0.0
bwd_urg_flags_std,A. Valid UCS behavioral/network feature,valid,Valid UCS numeric feature,Flow extraction logic (standard CICIDS2018),False,False,False,False,False,0.0,0.0,0.0,0.0,0.0
bwd_urg_flags_sum,A. Valid UCS behavioral/network feature,valid,Valid UCS numeric feature,Flow extraction logic (standard CICIDS2018),False,False,False,False,False,0.0,0.0,0.0,0.0,0.0
bwd_urg_flags_min,A. Valid UCS behavioral/network feature,valid,Valid UCS numeric feature,Flow extraction logic (standard CICIDS2018),False,False,False,False,False,0.0,0.0,0.0,0.0,0.0
bwd_urg_flags_max,A. Valid UCS behavioral/network feature,valid,Valid UCS numeric feature,Flow extraction logic (standard CICIDS2018),False,False,False,False,False,0.0,0.0,0.0,0.0,0.0
fwd_header_len_mean,A. Valid UCS behavioral/network feature,valid,Valid UCS numeric feature,Flow extraction logic (standard CICIDS2018),False,False,False,False,False,5237347.332259498,1173223.4498902124,50904.914153213744,48592806.28810738,0.26222063983096
fwd_header_len_std,A. Valid UCS behavioral/network feature,valid,Valid UCS numeric feature,Flow extraction logic (standard CICIDS2018),False,False,False,False,False,42310.04854276074,10502.145960796142,490.2423768869397,376336.4590003163,0.3177622811350346
fwd_header_len_sum,A. Valid UCS behavioral/network feature,valid,Valid UCS numeric feature,Flow extraction logic (standard CICIDS2018),False,False,False,False,False,2839.035092892271,584.4012346994771,867.6430930551338,27073.400278466244,0.2282500656110529
fwd_header_len_min,A. Valid UCS behavioral/network feature,valid,Valid UCS numeric feature,Flow extraction logic (standard CICIDS2018),False,False,False,False,False,1.4352929238975418,0.9568866480899774,1.1463699522925517,3.607060387505304,0.0143420571057213
fwd_header_len_max,A. Valid UCS behavioral/network feature,valid,Valid UCS numeric feature,Flow extraction logic (standard CICIDS2018),False,False,False,False,False,243.27432244631095,47.8861760030476,229.24411884423003,1974.487023632676,0.535587750338441
bwd_header_len_mean,A. Valid UCS behavioral/network feature,valid,Valid UCS numeric feature,Flow extraction logic (standard CICIDS2018),False,False,False,False,False,9.759613328748667,0.6305358568185027,3.9665050410403713,4.109867948490937,0.0276117324707446
bwd_header_len_std,A. Valid UCS behavioral/network feature,valid,Valid UCS numeric feature,Flow extraction logic (standard CICIDS2018),False,False,False,False,False,6.093727415624543,0.4611812117759154,6.997233301469133,2.895109813711766,0.2626418256714159
bwd_header_len_sum,A. Valid UCS behavioral/network feature,valid,Valid UCS numeric feature,Flow extraction logic (standard CICIDS2018),False,False,False,False,False,3.308511274562932,0.2790716250132474,1.608547339688942,4.718593680155554,0.0784272955779544
bwd_header_len_min,A. Valid UCS behavioral/network feature,valid,Valid UCS numeric feature,Flow extraction logic (standard CICIDS2018),False,False,False,False,False,3.674182338962556,0.055718546999631,3.0667835200724567,0.0714765699061028,0.0013535990496553
bwd_header_len_max,A. Valid UCS behavioral/network feature,valid,Valid UCS numeric feature,Flow extraction logic (standard CICIDS2018),False,False,False,False,False,6.772718821551841,0.9986234488441406,11.948307409437088,11.908761575143211,0.5732149800561076
fwd_pkts_per_sec_mean,A. Valid UCS behavioral/network feature,valid,Valid UCS numeric feature,Flow extraction logic (standard CICIDS2018),False,False,False,False,False,1.0178592562535966,0.2911543063320474,0.548021839632344,0.3266866553757904,0.3363540107057144
fwd_pkts_per_sec_std,A. Valid UCS behavioral/network feature,valid,Valid UCS numeric feature,Flow extraction logic (standard CICIDS2018),False,False,False,False,False,0.3688599448927771,0.3841226008690864,0.2339077155231305,0.4169822864892803,0.107114698711386
fwd_pkts_per_sec_sum,A. Valid UCS behavioral/network feature,valid,Valid UCS numeric feature,Flow extraction logic (standard CICIDS2018),False,False,False,False,False,4.270767202614178,0.2497501050675206,2.3058852712678,0.7852989351379316,0.3878142339047578
fwd_pkts_per_sec_min,A. Valid UCS behavioral/network feature,valid,Valid UCS numeric feature,Flow extraction logic (standard CICIDS2018),False,False,False,False,False,1.9734921026756425,0.0116491433552298,0.5382221769046106,0.0019625979577307,0.0191672517414257
fwd_pkts_per_sec_max,A. Valid UCS behavioral/network feature,valid,Valid UCS numeric feature,Flow extraction logic (standard CICIDS2018),False,False,False,False,False,0.4174380947844263,0.9161761339904524,0.3432309377733626,1.6350197858820463,0.3929318948817412
bwd_pkts_per_sec_mean,A. Valid UCS behavioral/network feature,valid,Valid UCS numeric feature,Flow extraction logic (standard CICIDS2018),False,False,False,False,False,25.601445004941557,1.7214094873702188,14.166780460511342,3.5592479987074754,0.2066616983806121
bwd_pkts_per_sec_std,A. Valid UCS behavioral/network feature,valid,Valid UCS numeric feature,Flow extraction logic (standard CICIDS2018),False,False,False,False,False,0.9509735473732076,0.1534473051368651,0.4828188614187153,0.277848418220715,0.6933989014132259
bwd_pkts_per_sec_sum,A. Valid UCS behavioral/network feature,valid,Valid UCS numeric feature,Flow extraction logic (standard CICIDS2018),False,False,False,False,False,197.49955315833208,6.286808462280273,99.9247311752969,13.906382859926277,0.9510483370090836
bwd_pkts_per_sec_min,A. Valid UCS behavioral/network feature,valid,Valid UCS numeric feature,Flow extraction logic (standard CICIDS2018),False,False,False,False,False,1.9735153817914013,0.0116240572624749,0.5382312843912894,0.0019589161948807,0.0191777077646422
bwd_pkts_per_sec_max,A. Valid UCS behavioral/network feature,valid,Valid UCS numeric feature,Flow extraction logic (standard CICIDS2018),False,False,False,False,False,0.5716521146343564,0.148219624058029,0.5576285402034895,0.4419709552825078,0.2604312516575934
pkt_len_min_mean,A. Valid UCS behavioral/network feature,valid,Valid UCS numeric feature,Flow extraction logic (standard CICIDS2018),False,False,False,False,False,41.70009897356804,46.11228846857007,11.2371637807383,14.604591442128148,0.0125334985483583
pkt_len_min_std,A. Valid UCS behavioral/network feature,valid,Valid UCS numeric feature,Flow extraction logic (standard CICIDS2018),False,False,False,False,False,13.778533458129074,12.93803293117739,3.7842362965262906,7.115396784994225,0.9224731384492042
pkt_len_min_sum,A. Valid UCS behavioral/network feature,valid,Valid UCS numeric feature,Flow extraction logic (standard CICIDS2018),False,False,False,False,False,0.7044681541946761,0.2266097232176235,0.6026048605815384,0.9312587236598848,0.1806590784110414
pkt_len_min_min,A. Valid UCS behavioral/network feature,valid,Valid UCS numeric feature,Flow extraction logic (standard CICIDS2018),False,False,False,False,False,1.887212156358536,0.1053336505164062,0.5039202267413571,0.1195130029601799,0.0452984224982984
pkt_len_min_max,A. Valid UCS behavioral/network feature,valid,Valid UCS numeric feature,Flow extraction logic (standard CICIDS2018),False,False,False,False,False,0.1236981575478922,0.1598312896693858,0.1090734314560285,0.3019525840586829,0.3095767629986672
pkt_len_max_mean,A. Valid UCS behavioral/network feature,valid,Valid UCS numeric feature,Flow extraction logic (standard CICIDS2018),False,False,False,False,False,1.7562023467375705,0.2618726164326088,0.5115679898362527,5.827088330083202,0.6494961714669326
pkt_len_max_std,A. Valid UCS behavioral/network feature,valid,Valid UCS numeric feature,Flow extraction logic (standard CICIDS2018),False,False,False,False,False,2.6249230532537804,3.279186107278523,1.0445792553822435,11.452271691581965,0.7300986438303402
pkt_len_max_sum,A. Valid UCS behavioral/network feature,valid,Valid UCS numeric feature,Flow extraction logic (standard CICIDS2018),False,False,False,False,False,46.30141750022711,4.867950249730062,8.699269800009448,29.444844397899693,0.2971806314806636
pkt_len_max_min,A. Valid UCS behavioral/network feature,valid,Valid UCS numeric feature,Flow extraction logic (standard CICIDS2018),False,False,False,False,False,2.400833216292179,0.2002432438107782,1.7150119952429077,0.4850529851963128,0.0067081783797668
pkt_len_max_max,A. Valid UCS behavioral/network feature,valid,Valid UCS numeric feature,Flow extraction logic (standard CICIDS2018),False,False,False,False,False,1.1134286455519344,0.0569485729685659,0.5160406329061888,0.1140536035515652,0.3514437169768551
pkt_len_mean_mean,A. Valid UCS behavioral/network feature,valid,Valid UCS numeric feature,Flow extraction logic (standard CICIDS2018),False,False,False,False,False,7.51847417174356,4.120144627331799,1.86352749308693,3.489581799975131,0.6807697260376742
pkt_len_mean_std,A. Valid UCS behavioral/network feature,valid,Valid UCS numeric feature,Flow extraction logic (standard CICIDS2018),False,False,False,False,False,2.6658301093950567,0.517375459665322,0.8657805079946843,2.563730821441444,0.3263737096713864
pkt_len_mean_sum,A. Valid UCS behavioral/network feature,valid,Valid UCS numeric feature,Flow extraction logic (standard CICIDS2018),False,False,False,False,False,27.977710365493937,2.6750458039078024,5.472117216297937,18.403832887517115,0.3323768267277616
pkt_len_mean_min,A. Valid UCS behavioral/network feature,valid,Valid UCS numeric feature,Flow extraction logic (standard CICIDS2018),False,False,False,False,False,1.8603698181001247,0.157410079474472,0.5787351587027642,0.1672718330571867,0.0209047943431887
pkt_len_mean_max,A. Valid UCS behavioral/network feature,valid,Valid UCS numeric feature,Flow extraction logic (standard CICIDS2018),False,False,False,False,False,0.7285969642019098,0.2533626993785451,0.5927727523680335,0.7715291747614572,0.9573538836598844
pkt_len_std_mean,A. Valid UCS behavioral/network feature,valid,Valid UCS numeric feature,Flow extraction logic (standard CICIDS2018),False,False,False,False,False,1.3270876073685285,1.0438718625101546,0.5349349676856351,4.00089548237856,0.9470500185793266
pkt_len_std_std,A. Valid UCS behavioral/network feature,valid,Valid UCS numeric feature,Flow extraction logic (standard CICIDS2018),False,False,False,False,False,1.4174821548634762,1.8253924511503272,0.6343335068049597,4.143032716483839,0.5554412438068153
pkt_len_std_sum,A. Valid UCS behavioral/network feature,valid,Valid UCS numeric feature,Flow extraction logic (standard CICIDS2018),False,False,False,False,False,62.24811305707303,6.912517525318821,11.684105265933,39.1197254385299,0.2801715717795906
pkt_len_std_min,A. Valid UCS behavioral/network feature,valid,Valid UCS numeric feature,Flow extraction logic (standard CICIDS2018),False,False,False,False,False,3.6677941945345913,0.0240812982442854,4.494427538580346,0.1164060162393979,0.047815025574807
pkt_len_std_max,A. Valid UCS behavioral/network feature,valid,Valid UCS numeric feature,Flow extraction logic (standard CICIDS2018),False,False,False,False,False,155.16033553618988,44.40291582722911,99.93696582020976,78.13601682589092,0.1453033851338556
pkt_len_var_mean,A. Valid UCS behavioral/network feature,valid,Valid UCS numeric feature,Flow extraction logic (standard CICIDS2018),False,False,False,False,False,2.570844613228491,0.5883314926211645,1.5623392661826203,1.838589572566939,1.2381660812340638
pkt_len_var_std,A. Valid UCS behavioral/network feature,valid,Valid UCS numeric feature,Flow extraction logic (standard CICIDS2018),False,False,False,False,False,163.5277101614875,1.0367682119129682,114.69339307609516,1.663010035118308,1.5460039055117694
pkt_len_var_sum,A. Valid UCS behavioral/network feature,valid,Valid UCS numeric feature,Flow extraction logic (standard CICIDS2018),False,False,False,False,False,59.41670278998689,6.505607018462061,11.315267704464375,37.604664354171554,0.5346765571455028
pkt_len_var_min,A. Valid UCS behavioral/network feature,valid,Valid UCS numeric feature,Flow extraction logic (standard CICIDS2018),False,False,False,False,False,3.4704228253955383,0.0175549403228181,4.511146626990496,0.1003754972394926,0.0451772017753668
pkt_len_var_max,A. Valid UCS behavioral/network feature,valid,Valid UCS numeric feature,Flow extraction logic (standard CICIDS2018),False,False,False,False,False,37043.702326389925,92.27601299091104,25808.97679120531,107.9837002624594,1.4834608564403309
fin_flag_cnt_mean,A. Valid UCS behavioral/network feature,valid,Valid UCS numeric feature,Flow extraction logic (standard CICIDS2018),False,False,False,False,False,0.8663078959334362,0.1350948310477332,0.3760551591977319,0.1433722661205086,0.0664961369645081
fin_flag_cnt_std,A. Valid UCS behavioral/network feature,valid,Valid UCS numeric feature,Flow extraction logic (standard CICIDS2018),False,False,False,False,False,0.4791995298869126,0.3113830978226503,0.2823896368382083,0.3642230460686665,0.135729814397541
fin_flag_cnt_sum,A. Valid UCS behavioral/network feature,valid,Valid UCS numeric feature,Flow extraction logic (standard CICIDS2018),False,False,False,False,False,0.5747732643043407,0.1867594010581557,0.5005984900293469,0.5490311844828618,0.0180747921945887
fin_flag_cnt_min,A. Valid UCS behavioral/network feature,valid,Valid UCS numeric feature,Flow extraction logic (standard CICIDS2018),False,False,False,False,False,0.0,0.0,0.0,0.0,0.0
fin_flag_cnt_max,A. Valid UCS behavioral/network feature,valid,Valid UCS numeric feature,Flow extraction logic (standard CICIDS2018),False,False,False,False,False,0.5407019773764935,0.9398529629277542,0.3972877929103623,1.6091845648304914,0.1432755658348786
syn_flag_cnt_mean,A. Valid UCS behavioral/network feature,valid,Valid UCS numeric feature,Flow extraction logic (standard CICIDS2018),False,False,False,False,False,0.9861269467967654,0.240890288141354,0.5060824848669933,0.2000302098460021,0.0890039094998423
syn_flag_cnt_std,A. Valid UCS behavioral/network feature,valid,Valid UCS numeric feature,Flow extraction logic (standard CICIDS2018),False,False,False,False,False,0.4334438978681723,0.5852703034178413,0.3543719953262179,0.6165457178921578,0.1419405556612397
syn_flag_cnt_sum,A. Valid UCS behavioral/network feature,valid,Valid UCS numeric feature,Flow extraction logic (standard CICIDS2018),False,False,False,False,False,0.4934545262097389,0.2363706734964724,0.6001214987464836,0.6570209381499618,0.0649383318552609
syn_flag_cnt_min,A. Valid UCS behavioral/network feature,valid,Valid UCS numeric feature,Flow extraction logic (standard CICIDS2018),False,False,False,False,False,1.973529411764706,0.0116089965397923,0.5382352941176471,0.0019572192513368,0.0136275487872107
syn_flag_cnt_max,A. Valid UCS behavioral/network feature,valid,Valid UCS numeric feature,Flow extraction logic (standard CICIDS2018),False,False,False,False,False,0.3601755439027815,1.7105381730220337,0.4766172017150801,3.108338299475557,0.0960166116720429
rst_flag_cnt_mean,A. Valid UCS behavioral/network feature,valid,Valid UCS numeric feature,Flow extraction logic (standard CICIDS2018),False,False,False,False,False,0.3333313065541852,0.2808856139056629,0.1097202185167449,0.7975712173333918,0.0165583883036394
rst_flag_cnt_std,A. Valid UCS behavioral/network feature,valid,Valid UCS numeric feature,Flow extraction logic (standard CICIDS2018),False,False,False,False,False,0.280174605484364,0.6011138102146426,0.0908085587696265,1.2558110487421106,0.5998429360389922
rst_flag_cnt_sum,A. Valid UCS behavioral/network feature,valid,Valid UCS numeric feature,Flow extraction logic (standard CICIDS2018),False,False,False,False,False,366.1553284641199,48.35149185300604,67.34510592794359,232.7209076952784,0.6775537500327492
rst_flag_cnt_min,A. Valid UCS behavioral/network feature,valid,Valid UCS numeric feature,Flow extraction logic (standard CICIDS2018),False,False,False,False,False,0.0,0.0,0.0,0.0,0.0
rst_flag_cnt_max,A. Valid UCS behavioral/network feature,valid,Valid UCS numeric feature,Flow extraction logic (standard CICIDS2018),False,False,False,False,False,0.4100893209961599,1.6916868796992903,0.1040045100220826,3.736579382677649,0.3252329964197794
psh_flag_cnt_mean,A. Valid UCS behavioral/network feature,valid,Valid UCS numeric feature,Flow extraction logic (standard CICIDS2018),False,False,False,False,False,1.1899811403663156,0.2289781440771233,0.4647717685311607,3.727407430607199,0.4941435702295529
psh_flag_cnt_std,A. Valid UCS behavioral/network feature,valid,Valid UCS numeric feature,Flow extraction logic (standard CICIDS2018),False,False,False,False,False,12.930280107764425,3.5850601327903107,4.118256234157875,57.20629950747468,0.0341415269749308
psh_flag_cnt_sum,A. Valid UCS behavioral/network feature,valid,Valid UCS numeric feature,Flow extraction logic (standard CICIDS2018),False,False,False,False,False,38.24543534948853,3.914284992363197,7.212424193701546,24.457819949626412,0.0938401420079694
psh_flag_cnt_min,A. Valid UCS behavioral/network feature,valid,Valid UCS numeric feature,Flow extraction logic (standard CICIDS2018),False,False,False,False,False,2.2548999062485326,0.0670972513227923,1.234556648837024,0.0245647559070056,0.0069613167742131
psh_flag_cnt_max,A. Valid UCS behavioral/network feature,valid,Valid UCS numeric feature,Flow extraction logic (standard CICIDS2018),False,False,False,False,False,1.59628238397912,0.3766938808460805,0.4317245690227591,8.808823160992722,0.4753179002903528
ack_flag_cnt_mean,A. Valid UCS behavioral/network feature,valid,Valid UCS numeric feature,Flow extraction logic (standard CICIDS2018),False,False,False,False,False,0.5975102739850461,0.3729737447313712,0.2713229872964402,1.3216875967044184,0.190043880772587
ack_flag_cnt_std,A. Valid UCS behavioral/network feature,valid,Valid UCS numeric feature,Flow extraction logic (standard CICIDS2018),False,False,False,False,False,1.6495991990965817,3.0497609868056235,0.7618164670832609,7.630142013405752,0.9946326705980042
ack_flag_cnt_sum,A. Valid UCS behavioral/network feature,valid,Valid UCS numeric feature,Flow extraction logic (standard CICIDS2018),False,False,False,False,False,80.59787024470776,9.485812361853103,14.741123492144922,52.38314050351293,0.4761884415142687
ack_flag_cnt_min,A. Valid UCS behavioral/network feature,valid,Valid UCS numeric feature,Flow extraction logic (standard CICIDS2018),False,False,False,False,False,1.973529411764706,0.0116089965397923,0.5382352941176471,0.0019572192513368,0.0136275487872107
ack_flag_cnt_max,A. Valid UCS behavioral/network feature,valid,Valid UCS numeric feature,Flow extraction logic (standard CICIDS2018),False,False,False,False,False,0.735402592376473,1.378231798842931,0.5333532878607277,3.736790458727344,0.3398593043802948
urg_flag_cnt_mean,A. Valid UCS behavioral/network feature,valid,Valid UCS numeric feature,Flow extraction logic (standard CICIDS2018),False,False,False,False,False,0.8455275440990692,0.2675026878821915,0.6152059865120547,1.7076514159435912,0.8295725658821124
urg_flag_cnt_std,A. Valid UCS behavioral/network feature,valid,Valid UCS numeric feature,Flow extraction logic (standard CICIDS2018),False,False,False,False,False,0.6611441747808754,0.762152798855112,0.3455404490174493,2.2147057213280066,0.5436438588589834
urg_flag_cnt_sum,A. Valid UCS behavioral/network feature,valid,Valid UCS numeric feature,Flow extraction logic (standard CICIDS2018),False,False,False,False,False,1.2243177126977824,0.4295494926987232,1.000903424444556,5.342185432601124,0.0007286974018885
urg_flag_cnt_min,A. Valid UCS behavioral/network feature,valid,Valid UCS numeric feature,Flow extraction logic (standard CICIDS2018),False,False,False,False,False,0.0,0.0,0.0,0.0,0.0
urg_flag_cnt_max,A. Valid UCS behavioral/network feature,valid,Valid UCS numeric feature,Flow extraction logic (standard CICIDS2018),False,False,False,False,False,0.3568408490208321,1.652075841507146,0.1515901365740445,3.105698548454415,0.809990250626208
cwe_flag_cnt_mean,A. Valid UCS behavioral/network feature,valid,Valid UCS numeric feature,Flow extraction logic (standard CICIDS2018),False,False,False,False,False,0.8684863101292196,0.0770038528544372,0.4995577012630852,0.1053650263421639,0.2172714892092835
cwe_flag_cnt_std,A. Valid UCS behavioral/network feature,valid,Valid UCS numeric feature,Flow extraction logic (standard CICIDS2018),False,False,False,False,False,0.8030981766525245,0.0927341037644962,0.3894503509200621,0.1129858361302263,0.3817502655392838
cwe_flag_cnt_sum,A. Valid UCS behavioral/network feature,valid,Valid UCS numeric feature,Flow extraction logic (standard CICIDS2018),False,False,False,False,False,0.6582563890623053,0.06851152378523,0.2386204371769061,0.0457066413239695,0.0139314095244545
cwe_flag_cnt_min,A. Valid UCS behavioral/network feature,valid,Valid UCS numeric feature,Flow extraction logic (standard CICIDS2018),False,False,False,False,False,0.0,0.0,0.0,0.0,0.0
cwe_flag_cnt_max,A. Valid UCS behavioral/network feature,valid,Valid UCS numeric feature,Flow extraction logic (standard CICIDS2018),False,False,False,False,False,0.7550438935690873,0.0990762286790701,0.3254508790960363,0.1075086489515906,0.1213428872123972
ece_flag_cnt_mean,A. Valid UCS behavioral/network feature,valid,Valid UCS numeric feature,Flow extraction logic (standard CICIDS2018),False,False,False,False,False,0.3329562532769786,0.2805762918755933,0.1095967311183504,0.7966778181965201,0.0587990515679718
ece_flag_cnt_std,A. Valid UCS behavioral/network feature,valid,Valid UCS numeric feature,Flow extraction logic (standard CICIDS2018),False,False,False,False,False,0.2799944795182089,0.6007293864349607,0.0907499798834149,1.2550025911524008,0.6248025992682819
ece_flag_cnt_sum,A. Valid UCS behavioral/network feature,valid,Valid UCS numeric feature,Flow extraction logic (standard CICIDS2018),False,False,False,False,False,366.15532161378354,48.35152028694512,67.34510307852918,232.7209103511945,0.6784634639631026
ece_flag_cnt_min,A. Valid UCS behavioral/network feature,valid,Valid UCS numeric feature,Flow extraction logic (standard CICIDS2018),False,False,False,False,False,0.0,0.0,0.0,0.0,0.0
ece_flag_cnt_max,A. Valid UCS behavioral/network feature,valid,Valid UCS numeric feature,Flow extraction logic (standard CICIDS2018),False,False,False,False,False,0.4100893209961599,1.6916868796992903,0.1040045100220826,3.736579382677649,0.3252329964197794
down_up_ratio_mean,A. Valid UCS behavioral/network feature,valid,Valid UCS numeric feature,Flow extraction logic (standard CICIDS2018),False,False,False,False,False,10.219401808430106,0.6313228190895488,3.5786275476055085,2.043655664886846,0.3422684751455803
down_up_ratio_std,A. Valid UCS behavioral/network feature,valid,Valid UCS numeric feature,Flow extraction logic (standard CICIDS2018),False,False,False,False,False,758.7890576866479,6.712156740077191,260.7471748566847,32.76867881412797,1.1937412129787217
down_up_ratio_sum,A. Valid UCS behavioral/network feature,valid,Valid UCS numeric feature,Flow extraction logic (standard CICIDS2018),False,False,False,False,False,7.674513637262674,0.1044702035982951,4.164390994062692,11.084259529891597,0.2885489856583024
down_up_ratio_min,A. Valid UCS behavioral/network feature,valid,Valid UCS numeric feature,Flow extraction logic (standard CICIDS2018),False,False,False,False,False,2.465292580039177,0.0561356903513971,0.8105389007158038,0.012643375048317,0.0046843749044944
down_up_ratio_max,A. Valid UCS behavioral/network feature,valid,Valid UCS numeric feature,Flow extraction logic (standard CICIDS2018),False,False,False,False,False,4.663219829113513,0.3834860961720984,2.4358752855614183,2.390214132743605,0.4587979528411325
pkt_size_avg_mean,A. Valid UCS behavioral/network feature,valid,Valid UCS numeric feature,Flow extraction logic (standard CICIDS2018),False,False,False,False,False,7.135949752844533,3.947372537362421,1.786225905803514,3.223489886924248,0.6781001249499976
pkt_size_avg_std,A. Valid UCS behavioral/network feature,valid,Valid UCS numeric feature,Flow extraction logic (standard CICIDS2018),False,False,False,False,False,3.6796344680673374,1.1414840530835184,1.1478334926071911,3.3178456178910367,0.2201783393185644
pkt_size_avg_sum,A. Valid UCS behavioral/network feature,valid,Valid UCS numeric feature,Flow extraction logic (standard CICIDS2018),False,False,False,False,False,28.69050858043352,2.7311210229143112,5.625218981273876,18.75776165086871,0.2923368824545626
pkt_size_avg_min,A. Valid UCS behavioral/network feature,valid,Valid UCS numeric feature,Flow extraction logic (standard CICIDS2018),False,False,False,False,False,1.8592725646731625,0.1530901867861704,0.566077466482445,0.1303161565914635,0.0107838663472827
pkt_size_avg_max,A. Valid UCS behavioral/network feature,valid,Valid UCS numeric feature,Flow extraction logic (standard CICIDS2018),False,False,False,False,False,0.7806307293787903,0.2067986941235847,0.6241923130306791,0.7768444785003571,0.2820234338832716
fwd_seg_size_avg_mean,A. Valid UCS behavioral/network feature,valid,Valid UCS numeric feature,Flow extraction logic (standard CICIDS2018),False,False,False,False,False,25.457462176451088,22.500729133529568,6.737141334225181,8.20976674924995,0.2143530254968667
fwd_seg_size_avg_std,A. Valid UCS behavioral/network feature,valid,Valid UCS numeric feature,Flow extraction logic (standard CICIDS2018),False,False,False,False,False,10.13055045242161,7.543870385056101,2.653660504885188,5.6036638641663945,0.0126505047942418
fwd_seg_size_avg_sum,A. Valid UCS behavioral/network feature,valid,Valid UCS numeric feature,Flow extraction logic (standard CICIDS2018),False,False,False,False,False,101.155219814209,10.975253172610852,28.842766112115772,30.044706630304404,0.4365298295747192
fwd_seg_size_avg_min,A. Valid UCS behavioral/network feature,valid,Valid UCS numeric feature,Flow extraction logic (standard CICIDS2018),False,False,False,False,False,1.886416641103724,0.1247806617786124,0.5391931437982903,0.1405528030088977,0.0132745022982031
fwd_seg_size_avg_max,A. Valid UCS behavioral/network feature,valid,Valid UCS numeric feature,Flow extraction logic (standard CICIDS2018),False,False,False,False,False,10.434815536738498,0.5253773745284807,7.533198751131469,9.835834167247494,0.0141275214199101
bwd_seg_size_avg_mean,A. Valid UCS behavioral/network feature,valid,Valid UCS numeric feature,Flow extraction logic (standard CICIDS2018),False,False,False,False,False,0.6111991043985144,0.7840696370867535,0.3152658558037908,1.8787204728275515,0.1948549698090111
bwd_seg_size_avg_std,A. Valid UCS behavioral/network feature,valid,Valid UCS numeric feature,Flow extraction logic (standard CICIDS2018),False,False,False,False,False,0.6585355094663844,0.7090574201611032,0.4117286553423963,1.8032119485008824,0.2920101061692614
bwd_seg_size_avg_sum,A. Valid UCS behavioral/network feature,valid,Valid UCS numeric feature,Flow extraction logic (standard CICIDS2018),False,False,False,False,False,16.85016615518607,1.32253225293499,3.21282021958529,16.377889646057824,0.4716183677175341
bwd_seg_size_avg_min,A. Valid UCS behavioral/network feature,valid,Valid UCS numeric feature,Flow extraction logic (standard CICIDS2018),False,False,False,False,False,2.724398638118396,0.0152061624611799,3.944548627576896,0.0919594137171137,0.0536665828743156
bwd_seg_size_avg_max,A. Valid UCS behavioral/network feature,valid,Valid UCS numeric feature,Flow extraction logic (standard CICIDS2018),False,False,False,False,False,2.584855471106207,1.3937362314544195,1.8612994799082736,2.3944403975600217,1.5397994815088163
fwd_byts_b_avg_mean,A. Valid UCS behavioral/network feature,valid,Valid UCS numeric feature,Flow extraction logic (standard CICIDS2018),False,False,False,False,False,0.0,0.0,0.0,0.0,0.0
fwd_byts_b_avg_std,A. Valid UCS behavioral/network feature,valid,Valid UCS numeric feature,Flow extraction logic (standard CICIDS2018),False,False,False,False,False,0.0,0.0,0.0,0.0,0.0
fwd_byts_b_avg_sum,A. Valid UCS behavioral/network feature,valid,Valid UCS numeric feature,Flow extraction logic (standard CICIDS2018),False,False,False,False,False,0.0,0.0,0.0,0.0,0.0
fwd_byts_b_avg_min,A. Valid UCS behavioral/network feature,valid,Valid UCS numeric feature,Flow extraction logic (standard CICIDS2018),False,False,False,False,False,0.0,0.0,0.0,0.0,0.0
fwd_byts_b_avg_max,A. Valid UCS behavioral/network feature,valid,Valid UCS numeric feature,Flow extraction logic (standard CICIDS2018),False,False,False,False,False,0.0,0.0,0.0,0.0,0.0
fwd_pkts_b_avg_mean,A. Valid UCS behavioral/network feature,valid,Valid UCS numeric feature,Flow extraction logic (standard CICIDS2018),False,False,False,False,False,0.0,0.0,0.0,0.0,0.0
fwd_pkts_b_avg_std,A. Valid UCS behavioral/network feature,valid,Valid UCS numeric feature,Flow extraction logic (standard CICIDS2018),False,False,False,False,False,0.0,0.0,0.0,0.0,0.0
fwd_pkts_b_avg_sum,A. Valid UCS behavioral/network feature,valid,Valid UCS numeric feature,Flow extraction logic (standard CICIDS2018),False,False,False,False,False,0.0,0.0,0.0,0.0,0.0
fwd_pkts_b_avg_min,A. Valid UCS behavioral/network feature,valid,Valid UCS numeric feature,Flow extraction logic (standard CICIDS2018),False,False,False,False,False,0.0,0.0,0.0,0.0,0.0
fwd_pkts_b_avg_max,A. Valid UCS behavioral/network feature,valid,Valid UCS numeric feature,Flow extraction logic (standard CICIDS2018),False,False,False,False,False,0.0,0.0,0.0,0.0,0.0
fwd_blk_rate_avg_mean,A. Valid UCS behavioral/network feature,valid,Valid UCS numeric feature,Flow extraction logic (standard CICIDS2018),False,False,False,False,False,0.0,0.0,0.0,0.0,0.0
fwd_blk_rate_avg_std,A. Valid UCS behavioral/network feature,valid,Valid UCS numeric feature,Flow extraction logic (standard CICIDS2018),False,False,False,False,False,0.0,0.0,0.0,0.0,0.0
fwd_blk_rate_avg_sum,A. Valid UCS behavioral/network feature,valid,Valid UCS numeric feature,Flow extraction logic (standard CICIDS2018),False,False,False,False,False,0.0,0.0,0.0,0.0,0.0
fwd_blk_rate_avg_min,A. Valid UCS behavioral/network feature,valid,Valid UCS numeric feature,Flow extraction logic (standard CICIDS2018),False,False,False,False,False,0.0,0.0,0.0,0.0,0.0
fwd_blk_rate_avg_max,A. Valid UCS behavioral/network feature,valid,Valid UCS numeric feature,Flow extraction logic (standard CICIDS2018),False,False,False,False,False,0.0,0.0,0.0,0.0,0.0
bwd_byts_b_avg_mean,A. Valid UCS behavioral/network feature,valid,Valid UCS numeric feature,Flow extraction logic (standard CICIDS2018),False,False,False,False,False,0.0,0.0,0.0,0.0,0.0
bwd_byts_b_avg_std,A. Valid UCS behavioral/network feature,valid,Valid UCS numeric feature,Flow extraction logic (standard CICIDS2018),False,False,False,False,False,0.0,0.0,0.0,0.0,0.0
bwd_byts_b_avg_sum,A. Valid UCS behavioral/network feature,valid,Valid UCS numeric feature,Flow extraction logic (standard CICIDS2018),False,False,False,False,False,0.0,0.0,0.0,0.0,0.0
bwd_byts_b_avg_min,A. Valid UCS behavioral/network feature,valid,Valid UCS numeric feature,Flow extraction logic (standard CICIDS2018),False,False,False,False,False,0.0,0.0,0.0,0.0,0.0
bwd_byts_b_avg_max,A. Valid UCS behavioral/network feature,valid,Valid UCS numeric feature,Flow extraction logic (standard CICIDS2018),False,False,False,False,False,0.0,0.0,0.0,0.0,0.0
bwd_pkts_b_avg_mean,A. Valid UCS behavioral/network feature,valid,Valid UCS numeric feature,Flow extraction logic (standard CICIDS2018),False,False,False,False,False,0.0,0.0,0.0,0.0,0.0
bwd_pkts_b_avg_std,A. Valid UCS behavioral/network feature,valid,Valid UCS numeric feature,Flow extraction logic (standard CICIDS2018),False,False,False,False,False,0.0,0.0,0.0,0.0,0.0
bwd_pkts_b_avg_sum,A. Valid UCS behavioral/network feature,valid,Valid UCS numeric feature,Flow extraction logic (standard CICIDS2018),False,False,False,False,False,0.0,0.0,0.0,0.0,0.0
bwd_pkts_b_avg_min,A. Valid UCS behavioral/network feature,valid,Valid UCS numeric feature,Flow extraction logic (standard CICIDS2018),False,False,False,False,False,0.0,0.0,0.0,0.0,0.0
bwd_pkts_b_avg_max,A. Valid UCS behavioral/network feature,valid,Valid UCS numeric feature,Flow extraction logic (standard CICIDS2018),False,False,False,False,False,0.0,0.0,0.0,0.0,0.0
bwd_blk_rate_avg_mean,A. Valid UCS behavioral/network feature,valid,Valid UCS numeric feature,Flow extraction logic (standard CICIDS2018),False,False,False,False,False,0.0,0.0,0.0,0.0,0.0
bwd_blk_rate_avg_std,A. Valid UCS behavioral/network feature,valid,Valid UCS numeric feature,Flow extraction logic (standard CICIDS2018),False,False,False,False,False,0.0,0.0,0.0,0.0,0.0
bwd_blk_rate_avg_sum,A. Valid UCS behavioral/network feature,valid,Valid UCS numeric feature,Flow extraction logic (standard CICIDS2018),False,False,False,False,False,0.0,0.0,0.0,0.0,0.0
bwd_blk_rate_avg_min,A. Valid UCS behavioral/network feature,valid,Valid UCS numeric feature,Flow extraction logic (standard CICIDS2018),False,False,False,False,False,0.0,0.0,0.0,0.0,0.0
bwd_blk_rate_avg_max,A. Valid UCS behavioral/network feature,valid,Valid UCS numeric feature,Flow extraction logic (standard CICIDS2018),False,False,False,False,False,0.0,0.0,0.0,0.0,0.0
subflow_fwd_pkts_mean,A. Valid UCS behavioral/network feature,valid,Valid UCS numeric feature,Flow extraction logic (standard CICIDS2018),False,False,False,False,False,40939359.68770243,9180154.587986425,397626.19569634896,380007101.66468745,0.2605518265505427
subflow_fwd_pkts_std,A. Valid UCS behavioral/network feature,valid,Valid UCS numeric feature,Flow extraction logic (standard CICIDS2018),False,False,False,False,False,327321.9517198905,81852.1605729907,2139.440315496857,2928204.941859173,0.3022284865216838
subflow_fwd_pkts_sum,A. Valid UCS behavioral/network feature,valid,Valid UCS numeric feature,Flow extraction logic (standard CICIDS2018),False,False,False,False,False,19448.03783017059,3823.972979665062,5827.357572473605,186207.7076815616,0.1751851355771918
subflow_fwd_pkts_min,A. Valid UCS behavioral/network feature,valid,Valid UCS numeric feature,Flow extraction logic (standard CICIDS2018),False,False,False,False,False,0.7123631925701277,0.0809725050686167,0.1453316966107572,1.1212165294464127,0.0676761963486287
subflow_fwd_pkts_max,A. Valid UCS behavioral/network feature,valid,Valid UCS numeric feature,Flow extraction logic (standard CICIDS2018),False,False,False,False,False,1572.7815823165404,369.7900739140611,41.34044381257491,13667.024950264778,0.1969623770087715
subflow_fwd_byts_mean,A. Valid UCS behavioral/network feature,valid,Valid UCS numeric feature,Flow extraction logic (standard CICIDS2018),False,False,False,False,False,5558045.744232455,1250731.6832288955,54225.58878610813,51620450.56432193,0.2018124892939069
subflow_fwd_byts_std,A. Valid UCS behavioral/network feature,valid,Valid UCS numeric feature,Flow extraction logic (standard CICIDS2018),False,False,False,False,False,285586.21690349,64383.10613752137,6296.918338035278,2337068.836158567,0.0709369173035354
subflow_fwd_byts_sum,A. Valid UCS behavioral/network feature,valid,Valid UCS numeric feature,Flow extraction logic (standard CICIDS2018),False,False,False,False,False,5123.582684164675,1079.4059234869917,1559.4260871511538,49045.56327516438,0.1905488973550796
subflow_fwd_byts_min,A. Valid UCS behavioral/network feature,valid,Valid UCS numeric feature,Flow extraction logic (standard CICIDS2018),False,False,False,False,False,1.9191939849969968,0.116288746609537,0.6028382038341451,0.2118190627032322,0.0206875219261964
subflow_fwd_byts_max,A. Valid UCS behavioral/network feature,valid,Valid UCS numeric feature,Flow extraction logic (standard CICIDS2018),False,False,False,False,False,26153.02943387757,599.9293924815312,4417.50083882288,23072.01697647696,0.1455803039293486
subflow_bwd_pkts_mean,A. Valid UCS behavioral/network feature,valid,Valid UCS numeric feature,Flow extraction logic (standard CICIDS2018),False,False,False,False,False,9.957463458731793,0.5392656665687154,4.112019570066169,2.2558784213589664,0.1356353429607026
subflow_bwd_pkts_std,A. Valid UCS behavioral/network feature,valid,Valid UCS numeric feature,Flow extraction logic (standard CICIDS2018),False,False,False,False,False,6.249751589583075,0.4195523788301127,6.699592787315743,2.6901850946629176,0.6327004228621776
subflow_bwd_pkts_sum,A. Valid UCS behavioral/network feature,valid,Valid UCS numeric feature,Flow extraction logic (standard CICIDS2018),False,False,False,False,False,3.165016579279801,0.2404090626668569,1.6419422128566663,3.35998144244054,0.1738530747036292
subflow_bwd_pkts_min,A. Valid UCS behavioral/network feature,valid,Valid UCS numeric feature,Flow extraction logic (standard CICIDS2018),False,False,False,False,False,4.15851788645485,0.0633335795610931,2.5736930190049203,0.0525827138692564,0.0525055522167053
subflow_bwd_pkts_max,A. Valid UCS behavioral/network feature,valid,Valid UCS numeric feature,Flow extraction logic (standard CICIDS2018),False,False,False,False,False,7.447005448903056,0.9947526710859724,12.278986381958555,12.050835524158584,0.0869837133229544
subflow_bwd_byts_mean,A. Valid UCS behavioral/network feature,valid,Valid UCS numeric feature,Flow extraction logic (standard CICIDS2018),False,False,False,False,False,8.588416860365243,0.3118903363097871,4.45442480691938,0.8712433519820884,0.2328415403814491
subflow_bwd_byts_std,A. Valid UCS behavioral/network feature,valid,Valid UCS numeric feature,Flow extraction logic (standard CICIDS2018),False,False,False,False,False,6.828606335559029,0.5534152565065406,8.079413004961822,3.28558203466524,0.238328288860243
subflow_bwd_byts_sum,A. Valid UCS behavioral/network feature,valid,Valid UCS numeric feature,Flow extraction logic (standard CICIDS2018),False,False,False,False,False,7.231491922367408,0.4219999770107838,4.962470099965633,3.29122524167313,0.8761446652559639
subflow_bwd_byts_min,A. Valid UCS behavioral/network feature,valid,Valid UCS numeric feature,Flow extraction logic (standard CICIDS2018),False,False,False,False,False,6.803632751512358,0.0368768793853042,6.315617982901419,0.1129674071034931,0.0463160447969869
subflow_bwd_byts_max,A. Valid UCS behavioral/network feature,valid,Valid UCS numeric feature,Flow extraction logic (standard CICIDS2018),False,False,False,False,False,7.525901538390857,1.1170201734665248,13.250479626803624,13.086916333319737,0.4555734287898768
window_size_fwd_mean,A. Valid UCS behavioral/network feature,valid,Valid UCS numeric feature,Flow extraction logic (standard CICIDS2018),False,False,False,False,False,2.1703010238133005,0.1909130714748153,0.4608395054482058,1.965069915149122,0.3797320142401331
window_size_fwd_std,A. Valid UCS behavioral/network feature,valid,Valid UCS numeric feature,Flow extraction logic (standard CICIDS2018),False,False,False,False,False,0.4327489890883047,0.1865011900429377,0.1412662909389876,0.5150559669234274,1.191190838444395
window_size_fwd_sum,A. Valid UCS behavioral/network feature,valid,Valid UCS numeric feature,Flow extraction logic (standard CICIDS2018),False,False,False,False,False,567.2337523676564,80.86219606385512,103.935218517286,356.3759627088291,0.1540145608178702
window_size_fwd_min,A. Valid UCS behavioral/network feature,valid,Valid UCS numeric feature,Flow extraction logic (standard CICIDS2018),False,False,False,False,False,1.9567458884020847,0.0651842165490244,1.1285164732273922,0.0247808537454062,0.0307045093420355
window_size_fwd_max,A. Valid UCS behavioral/network feature,valid,Valid UCS numeric feature,Flow extraction logic (standard CICIDS2018),False,False,False,False,False,308.1174285139352,556.5165996177037,71.70064794289928,1829.4487845503304,0.1877381490724191
window_size_bwd_mean,A. Valid UCS behavioral/network feature,valid,Valid UCS numeric feature,Flow extraction logic (standard CICIDS2018),False,False,False,False,False,0.7023197461261761,0.3470282667385065,0.2877209415032615,0.328348921840376,0.7839162768202339
window_size_bwd_std,A. Valid UCS behavioral/network feature,valid,Valid UCS numeric feature,Flow extraction logic (standard CICIDS2018),False,False,False,False,False,0.3340613774075324,1.0115097749853017,0.1356709492084273,1.1662743991674926,1.956411043305502
window_size_bwd_sum,A. Valid UCS behavioral/network feature,valid,Valid UCS numeric feature,Flow extraction logic (standard CICIDS2018),False,False,False,False,False,48.83498029410243,3.536912769936167,24.60606151430165,1.6627712736717457,0.7618552042508463
window_size_bwd_min,A. Valid UCS behavioral/network feature,valid,Valid UCS numeric feature,Flow extraction logic (standard CICIDS2018),False,False,False,False,False,72681.4612997232,436.5662285857103,39737.53799044724,301.75821926776496,0.0390828917468313
window_size_bwd_max,A. Valid UCS behavioral/network feature,valid,Valid UCS numeric feature,Flow extraction logic (standard CICIDS2018),False,False,False,False,False,9.344280387686371,255.79806013624685,5.663357962797129,435.66987078085134,0.3841367602607599
fwd_act_data_pkts_mean,A. Valid UCS behavioral/network feature,valid,Valid UCS numeric feature,Flow extraction logic (standard CICIDS2018),False,False,False,False,False,341200902.8386235,76537148.26485364,3313748.0042381696,3167314092.328582,0.2595661749273953
fwd_act_data_pkts_std,A. Valid UCS behavioral/network feature,valid,Valid UCS numeric feature,Flow extraction logic (standard CICIDS2018),False,False,False,False,False,64664482.40418757,16224711.496981176,414620.3797132396,579276366.1759212,0.2979018354678629
fwd_act_data_pkts_sum,A. Valid UCS behavioral/network feature,valid,Valid UCS numeric feature,Flow extraction logic (standard CICIDS2018),False,False,False,False,False,165901.26168266052,31877.024994582745,49441.39775465855,1585812.7138980743,0.1566433074276442
fwd_act_data_pkts_min,A. Valid UCS behavioral/network feature,valid,Valid UCS numeric feature,Flow extraction logic (standard CICIDS2018),False,False,False,False,False,1.8865055222432656,0.2217825509137478,0.4491207443777388,12.395361116377952,0.1331255329916784
fwd_act_data_pkts_max,A. Valid UCS behavioral/network feature,valid,Valid UCS numeric feature,Flow extraction logic (standard CICIDS2018),False,False,False,False,False,513554.804100083,126529.83560924495,709.6701525795894,4587004.086225598,0.1598245120141125
fwd_seg_size_min_mean,A. Valid UCS behavioral/network feature,valid,Valid UCS numeric feature,Flow extraction logic (standard CICIDS2018),False,False,False,False,False,1.1783806015568408,0.3249311250617613,0.4093934663611276,4.788344930846695,1.0358920242170746
fwd_seg_size_min_std,A. Valid UCS behavioral/network feature,valid,Valid UCS numeric feature,Flow extraction logic (standard CICIDS2018),False,False,False,False,False,5.322396792949804,0.570088392853924,1.9132795068516495,9.501863105168187,0.4037398344270113
fwd_seg_size_min_sum,A. Valid UCS behavioral/network feature,valid,Valid UCS numeric feature,Flow extraction logic (standard CICIDS2018),False,False,False,False,False,34.57891297105082,3.5269426624677145,6.435202260949185,22.41380471604896,0.256126193916594
fwd_seg_size_min_min,A. Valid UCS behavioral/network feature,valid,Valid UCS numeric feature,Flow extraction logic (standard CICIDS2018),False,False,False,False,False,1.0696724349954527,0.9934599639133188,0.7858322657261333,2.0765160863955057,0.1506766225123873
fwd_seg_size_min_max,A. Valid UCS behavioral/network feature,valid,Valid UCS numeric feature,Flow extraction logic (standard CICIDS2018),False,False,False,False,False,0.5801742306620161,0.2610682487474208,0.3495780845100174,1.3870184285723428,0.1209531379390496
active_mean_mean,A. Valid UCS behavioral/network feature,valid,Valid UCS numeric feature,Flow extraction logic (standard CICIDS2018),False,False,False,False,False,10.113869304443678,5.710506242955341,2.8993395548054868,17.713379387646178,0.1663577030698331
active_mean_std,A. Valid UCS behavioral/network feature,valid,Valid UCS numeric feature,Flow extraction logic (standard CICIDS2018),False,False,False,False,False,0.435072913400939,0.3585618673211225,0.2357946738232887,0.2355071679501797,0.3446755903853087
active_mean_sum,A. Valid UCS behavioral/network feature,valid,Valid UCS numeric feature,Flow extraction logic (standard CICIDS2018),False,False,False,False,False,0.4950238362274469,0.3962809422024772,0.2982135747291035,0.3400550044747371,0.654337473941635
active_mean_min,A. Valid UCS behavioral/network feature,valid,Valid UCS numeric feature,Flow extraction logic (standard CICIDS2018),False,False,False,False,False,0.8142539454526806,0.0116415319605568,0.1739170529857037,0.0020507482682683,0.0046526508207898
active_mean_max,A. Valid UCS behavioral/network feature,valid,Valid UCS numeric feature,Flow extraction logic (standard CICIDS2018),False,False,False,False,False,0.3882704219774602,0.6696433330138059,0.3635337044178597,0.5101469033728192,0.034371422435595
active_std_mean,A. Valid UCS behavioral/network feature,valid,Valid UCS numeric feature,Flow extraction logic (standard CICIDS2018),False,False,False,False,False,29.50368990764964,0.8511375529723132,5.69155658692795,20.588888723488928,0.4398083348218541
active_std_std,A. Valid UCS behavioral/network feature,valid,Valid UCS numeric feature,Flow extraction logic (standard CICIDS2018),False,False,False,False,False,0.4296204627320334,0.3909838900535045,0.2217393222261247,0.2599154683664131,0.1211269594769836
active_std_sum,A. Valid UCS behavioral/network feature,valid,Valid UCS numeric feature,Flow extraction logic (standard CICIDS2018),False,False,False,False,False,0.4702904867924225,0.29528878834808,0.4200563396066509,0.4360255586806826,0.6250267382523821
active_std_min,A. Valid UCS behavioral/network feature,valid,Valid UCS numeric feature,Flow extraction logic (standard CICIDS2018),False,False,False,False,False,0.5885964912280702,0.0010326254232071,0.1038699690402477,7.289120634403353e-05,0.0212040355365073
active_std_max,A. Valid UCS behavioral/network feature,valid,Valid UCS numeric feature,Flow extraction logic (standard CICIDS2018),False,False,False,False,False,0.1158236247180595,0.2710520502120671,0.1427959862614131,0.2004696989032377,0.245742596140126
active_max_mean,A. Valid UCS behavioral/network feature,valid,Valid UCS numeric feature,Flow extraction logic (standard CICIDS2018),False,False,False,False,False,10.011834519615965,3.15979763804022,2.335042397960774,16.074057913392966,0.2528096354095707
active_max_std,A. Valid UCS behavioral/network feature,valid,Valid UCS numeric feature,Flow extraction logic (standard CICIDS2018),False,False,False,False,False,0.2716537843271322,0.3050945127925381,0.1407599627791985,0.2180563913643451,0.4616492149127948
active_max_sum,A. Valid UCS behavioral/network feature,valid,Valid UCS numeric feature,Flow extraction logic (standard CICIDS2018),False,False,False,False,False,0.4054042383987968,0.2824141597323331,0.2641820080952034,0.3885719741330224,0.7251106260029735
active_max_min,A. Valid UCS behavioral/network feature,valid,Valid UCS numeric feature,Flow extraction logic (standard CICIDS2018),False,False,False,False,False,0.6760680387292509,0.0048424830360007,0.1312660901410312,0.0008414609912225,0.0100653070915435
active_max_max,A. Valid UCS behavioral/network feature,valid,Valid UCS numeric feature,Flow extraction logic (standard CICIDS2018),False,False,False,False,False,0.0812641299574934,0.3005020346513912,0.0813769561243416,0.2063771894729486,0.1921050542465036
active_min_mean,A. Valid UCS behavioral/network feature,valid,Valid UCS numeric feature,Flow extraction logic (standard CICIDS2018),False,False,False,False,False,14.688416835251068,14.181456235640448,5.587701712669977,24.018494296352184,0.0396017441723862
active_min_std,A. Valid UCS behavioral/network feature,valid,Valid UCS numeric feature,Flow extraction logic (standard CICIDS2018),False,False,False,False,False,0.9958730528811678,0.4073065905230151,0.5612736926551986,0.3080491434342162,0.3487932041748599
active_min_sum,A. Valid UCS behavioral/network feature,valid,Valid UCS numeric feature,Flow extraction logic (standard CICIDS2018),False,False,False,False,False,0.741919221495286,0.4122188528694177,0.417915345985857,0.3257008001435205,0.1699312983482838
active_min_min,A. Valid UCS behavioral/network feature,valid,Valid UCS numeric feature,Flow extraction logic (standard CICIDS2018),False,False,False,False,False,1.1784461519823417,0.0300416527225305,0.2860673642883674,0.0052412551475382,0.0050549577677758
active_min_max,A. Valid UCS behavioral/network feature,valid,Valid UCS numeric feature,Flow extraction logic (standard CICIDS2018),False,False,False,False,False,5.004426034848745,3.2771689577910204,4.99237836860736,3.142860681188792,0.1729849863774427
idle_mean_mean,A. Valid UCS behavioral/network feature,valid,Valid UCS numeric feature,Flow extraction logic (standard CICIDS2018),False,False,False,False,False,0.7714601769673562,0.4763038765289302,0.2897997917275137,0.5146013331316424,0.1342159227464156
idle_mean_std,A. Valid UCS behavioral/network feature,valid,Valid UCS numeric feature,Flow extraction logic (standard CICIDS2018),False,False,False,False,False,0.271155212902177,0.310242339050608,0.1070630397375355,0.1621574407815181,0.2044852656730356
idle_mean_sum,A. Valid UCS behavioral/network feature,valid,Valid UCS numeric feature,Flow extraction logic (standard CICIDS2018),False,False,False,False,False,0.2137999739796956,0.5682993249709336,0.1381058965847617,0.3250166115491799,0.0239437269610631
idle_mean_min,A. Valid UCS behavioral/network feature,valid,Valid UCS numeric feature,Flow extraction logic (standard CICIDS2018),False,False,False,False,False,1.8232977974921636,0.1588962058898962,0.5467467565568283,0.0266008809705071,0.0201770830653077
idle_mean_max,A. Valid UCS behavioral/network feature,valid,Valid UCS numeric feature,Flow extraction logic (standard CICIDS2018),False,False,False,False,False,0.3082523603627482,0.4917308037310539,0.2668004392804796,0.7209878073848435,0.0933458369080287
idle_std_mean,A. Valid UCS behavioral/network feature,valid,Valid UCS numeric feature,Flow extraction logic (standard CICIDS2018),False,False,False,False,False,88.16549847689477,144.68009510834324,30.1510719868608,131.62386481809688,0.4305608315697624
idle_std_std,A. Valid UCS behavioral/network feature,valid,Valid UCS numeric feature,Flow extraction logic (standard CICIDS2018),False,False,False,False,False,2.107845698273145,2.192093586206672,0.8784883260942928,3.043700153173367,0.0075654876948964
idle_std_sum,A. Valid UCS behavioral/network feature,valid,Valid UCS numeric feature,Flow extraction logic (standard CICIDS2018),False,False,False,False,False,2.179290368485221,0.1123956986331564,0.9042029984885394,0.7514554962688753,0.0468082757658849
idle_std_min,A. Valid UCS behavioral/network feature,valid,Valid UCS numeric feature,Flow extraction logic (standard CICIDS2018),False,False,False,False,False,1.906399568877981,0.0832801126667388,0.5132843285600436,0.0137880845685058,0.0268503294253674
idle_std_max,A. Valid UCS behavioral/network feature,valid,Valid UCS numeric feature,Flow extraction logic (standard CICIDS2018),False,False,False,False,False,0.2983964754214898,0.0780415600154568,0.2870405773490468,0.2628163638574917,0.0346251657864595
idle_max_mean,A. Valid UCS behavioral/network feature,valid,Valid UCS numeric feature,Flow extraction logic (standard CICIDS2018),False,False,False,False,False,1.3894408108156988,1.3993351105960263,0.476166475209202,1.81991173973308,0.3334476039235778
idle_max_std,A. Valid UCS behavioral/network feature,valid,Valid UCS numeric feature,Flow extraction logic (standard CICIDS2018),False,False,False,False,False,0.3050371863393271,0.2227803294507503,0.1157822454334361,0.1651992679326755,0.0939654107128435
idle_max_sum,A. Valid UCS behavioral/network feature,valid,Valid UCS numeric feature,Flow extraction logic (standard CICIDS2018),False,False,False,False,False,0.225166001448019,0.5784517866504217,0.1450559656665013,0.3196352067753772,0.1196901918879434
idle_max_min,A. Valid UCS behavioral/network feature,valid,Valid UCS numeric feature,Flow extraction logic (standard CICIDS2018),False,False,False,False,False,1.8335077342163448,0.1567344608325324,0.5018172498998905,0.0258404562677874,0.0020132258823349
idle_max_max,A. Valid UCS behavioral/network feature,valid,Valid UCS numeric feature,Flow extraction logic (standard CICIDS2018),False,False,False,False,False,0.258091301924454,0.3051778789784965,0.2127801858451661,0.3726978733051443,0.1222668017449817
idle_min_mean,A. Valid UCS behavioral/network feature,valid,Valid UCS numeric feature,Flow extraction logic (standard CICIDS2018),False,False,False,False,False,0.6184282539382643,0.3080389049555897,0.2486210852737717,0.2031059918692555,0.2032940374900544
idle_min_std,A. Valid UCS behavioral/network feature,valid,Valid UCS numeric feature,Flow extraction logic (standard CICIDS2018),False,False,False,False,False,0.2924254814559161,0.3518337009236694,0.1202759993971117,0.2152377961503482,0.3831764841009042
idle_min_sum,A. Valid UCS behavioral/network feature,valid,Valid UCS numeric feature,Flow extraction logic (standard CICIDS2018),False,False,False,False,False,0.2129538356265274,0.58604952338587,0.1371360707243052,0.3335468840849614,0.0420421038092349
idle_min_min,A. Valid UCS behavioral/network feature,valid,Valid UCS numeric feature,Flow extraction logic (standard CICIDS2018),False,False,False,False,False,1.7592056117651198,0.1525609044561108,0.6771002747028704,0.0283119125237611,0.0526631881685408
idle_min_max,A. Valid UCS behavioral/network feature,valid,Valid UCS numeric feature,Flow extraction logic (standard CICIDS2018),False,False,False,False,False,0.3452033612588172,0.6121737500036647,0.2852068696455279,0.9543286220346012,0.0713751386059852
duration_sec_mean,A. Valid UCS behavioral/network feature,valid,Valid UCS numeric feature,Flow extraction logic (standard CICIDS2018),False,False,False,False,False,2.633973364810244,0.6049308501743458,0.8857524946123705,8.055578530208582,0.0812540944923784
duration_sec_std,A. Valid UCS behavioral/network feature,valid,Valid UCS numeric feature,Flow extraction logic (standard CICIDS2018),False,False,False,False,False,6.653298114897468,1.3910659300214987,2.6405850235555106,4.877572765873036,0.6506257372284654
duration_sec_sum,A. Valid UCS behavioral/network feature,valid,Valid UCS numeric feature,Flow extraction logic (standard CICIDS2018),False,False,False,False,False,0.7140685116219031,1.4530275388618654,0.2679396486308477,0.7786904005702372,0.1366457470597298
duration_sec_min,A. Valid UCS behavioral/network feature,valid,Valid UCS numeric feature,Flow extraction logic (standard CICIDS2018),False,False,False,False,False,1.5770407014693504,0.3857310258375284,0.3046545458633056,8.923713613369387,0.0765048031236407
duration_sec_max,A. Valid UCS behavioral/network feature,valid,Valid UCS numeric feature,Flow extraction logic (standard CICIDS2018),False,False,False,False,False,14062.437914639484,2136.0415748600844,6871.197420458007,2892.7623028174007,0.1553999190069827
flow_count,A. Valid UCS behavioral/network feature,valid,Valid UCS numeric feature,Flow extraction logic (standard CICIDS2018),False,False,False,False,False,26.78373145964205,2.571015250727881,5.063287196303887,17.449138961306463,0.134410177311185
unique_dst_ports_count,A. Valid UCS behavioral/network feature,valid,Valid UCS numeric feature,Flow extraction logic (standard CICIDS2018),False,False,False,False,False,18.02999883421292,1.0734528093606712,9.175774764212544,0.8348103559208822,0.1409145965431293
unique_protocols_count,A. Valid UCS behavioral/network feature,valid,Valid UCS numeric feature,Flow extraction logic (standard CICIDS2018),False,False,False,False,False,0.8071453148244317,1.2356154062779887,0.4890813396428337,4.289932270789845,0.0149729553862582
pkt_ttl_min,A. Valid UCS behavioral/network feature,valid,Valid UCS numeric feature,Flow extraction logic (standard CICIDS2018),False,False,False,False,False,0.0020227105733086,0.1946693665141725,0.0003221926681449,0.2579008715310693,0.2346212858929942
pkt_ttl_max,A. Valid UCS behavioral/network feature,valid,Valid UCS numeric feature,Flow extraction logic (standard CICIDS2018),False,False,False,False,False,0.0,0.1666666666666666,0.0,0.1756302521008403,0.4855824120357164
pkt_ttl_std,A. Valid UCS behavioral/network feature,valid,Valid UCS numeric feature,Flow extraction logic (standard CICIDS2018),False,False,False,False,False,0.038518851191322,0.3048183644369127,0.0061355745122292,0.6608027780304353,0.3585596002152864
pkt_ttl_mode,A. Valid UCS behavioral/network feature,valid,Valid UCS numeric feature,Flow extraction logic (standard CICIDS2018),False,False,False,False,False,0.0379820096543506,0.3037085649490643,0.0060500623240544,0.656273495602095,0.3546033268535789
pkt_frag_mf_count,A. Valid UCS behavioral/network feature,valid,Valid UCS numeric feature,Flow extraction logic (standard CICIDS2018),False,False,False,False,False,0.0,0.0,0.0,0.0,0.0
pkt_frag_df_count,A. Valid UCS behavioral/network feature,valid,Valid UCS numeric feature,Flow extraction logic (standard CICIDS2018),False,False,False,False,False,0.2320982057679181,0.4709697689483684,0.0372481001424767,2.2335116362592866,0.7110797650803917
pkt_payload_size_p25,A. Valid UCS behavioral/network feature,valid,Valid UCS numeric feature,Flow extraction logic (standard CICIDS2018),False,False,False,False,False,0.00626851526522,0.2174178054734513,0.0009984966140285,0.3319653361218074,0.0686686026145223
pkt_payload_size_p50,A. Valid UCS behavioral/network feature,valid,Valid UCS numeric feature,Flow extraction logic (standard CICIDS2018),False,False,False,False,False,0.0023738756033969,0.1971010302448597,0.0003781288952534,0.2655326141459023,0.2153979551885884
pkt_payload_size_p75,A. Valid UCS behavioral/network feature,valid,Valid UCS numeric feature,Flow extraction logic (standard CICIDS2018),False,False,False,False,False,0.0011411483789484,0.2063437715450834,0.0001817707613804,0.1817092680377092,0.6651368399412443
pkt_payload_size_p95,A. Valid UCS behavioral/network feature,valid,Valid UCS numeric feature,Flow extraction logic (standard CICIDS2018),False,False,False,False,False,0.0082716376580585,0.2831316318472118,0.0013175691283496,0.1944257620051821,0.8874271552765526
pkt_tcp_retrans_count,A. Valid UCS behavioral/network feature,valid,Valid UCS numeric feature,Flow extraction logic (standard CICIDS2018),False,False,False,False,False,372.1782951531167,211.79962681462945,59.28198716611024,1613.4538843761522,1.5542038836032197
pkt_port_scan_seq_score,A. Valid UCS behavioral/network feature,valid,Valid UCS numeric feature,Flow extraction logic (standard CICIDS2018),False,False,False,False,False,9.723394471513773,7.256759109465072,1.548815954957946,46.59673665084305,1.44544985686264
